RAM Address (Nr),Variable Name,Description (Original German),Description (Translated English),Unit,NA Formula Number,Normwert (Quantization),Tester Display Range,System Constraints / Code Conditions
0,Leeranzeige,Leeranzeige,Empty Display / Blank Display,,16,00h,,
1,nmot,Motordrehzahl,Engine Speed,U/min,1,200,0 ... 9960 U/min,
2,rl,relative Luft f¸llung,Relative Air Charge,%,33,133,0 ... 192%,
3,rk_w,relative Kraftstoffmasse Bank i,Relative Fuel Mass Bank 1,%,33,17,0 ... 999.9%,
4,rk2_w,relative Kraftstoffmasse Bank 2,Relative Fuel Mass Bank 2,%,33,17,0 ... 999.9%,SY_STERVK=1
5,te_w,effektive Einspritzzeit Bank 1,Effective Injection Time Bank 1,ms,15,41,0 ... 100 ms,"SY_BDE=0, 0 at B_sa"
6,te2_w,eff. Einspritzz. Bank2,Effective Injection Time Bank 2,ms,15,41,0 ... 100 ms,"SY_BDE=0 & SY_STERVK=1, 0 at B_sa"
7,wakba,Drosselklappenwinkel,Throttle Valve Angle,%,33,255,0 ... 100%,
8,wped_w,Normierter Fahrpedalwinkel,Normalized Accelerator Pedal Angle,%,33,255,0 ... 100%,
9,zwout,Z¸ndwinkel,Ignition Angle,KW,27,75,-96 ... +95.25 KW,
10,mshfm_w,Luftmassenfluﬂ,Air Mass Flow (HFM),g/s,25,var,0 ... 364 g/s,SY_HFM>0
11,Freie RAM-Zelle / Reserviert,Nicht belegter Kanal / Adresse 11,Unassigned RAM Address / Reserved Channel 11,,,,,
12,Freie RAM-Zelle / Reserviert,Nicht belegter Kanal / Adresse 12,Unassigned RAM Address / Reserved Channel 12,,,,,
13,XXXXXXXX,"Flagregister: Bit 0: tmotlin > 80 C, Bit 1: nmot < 2000 U/min, Bit 2: wikba < 5%, Bit 3: Blr=1, Bit 4: B11=1, Bit 5: B_koe=0, Bit 6: tkatm > 350C, Bit 7: not B_syserrk","Flag Register: Bit 0: Engine Temp > 80C, Bit 1: RPM < 2000, Bit 2: Throttle Angle < 5%, Bit 3: Lambda Control Active, Bit 4: Idle Active, Bit 5: Compressor Off, Bit 6: Cat Temp > 350C, Bit 7: No System Error",Bits,16,FFh,,
14,zimot11,Motordrehzahl,Engine Speed for Idle Control,U/min,1,50,0 ... 2550 U/min,
15,nsol,Solldrehzahl,Target Engine Speed,U/min,1,50,0 ... 2550 U/min,
16,mas_w,Motorschleppmoment,Engine Drag Torque,Nm,52,,0 ... MDNORM/4,MDNORM
17,mdverb,Momentenbedarf der Nebenaggregate,Torque Requirement of Ancillary Components,%,33,255,0 ... 100%,
18,mdaverl_w,Verlustmoment,Loss Torque,%,33,255,0 ... 100%,
19,dmvad_w,Delta-Motormoment aus Verlustmomentadapt,Delta Engine Torque from Loss Torque Adaptation,%,20,25,+/- 25.0%,
20,000XXXXX,"Flagregister: Bit 0: B_koe, Bit 1: B_fa, Bit 2: B_nac, Bit 3: B_skac, Bit 5: B_afsc","Flag Register: Bit 0: Compressor Active, Bit 1: Driver Request, Bit 2: A/C Re-engagement, Bit 3: A/C Compressor Protection, Bit 5: A/C Fast Switch-off",Bits,16,1Fh,,SY_CANAC=1
21,mifab_w,begrenztes induziertes Fahrerwunschmoment,Limited Induced Driver Requested Torque,%,33,255,0 ... 100%,
22,misol_w,induziertes resultierendes Sollmoment,Induced Resultant Setpoint Torque,%,33,255,0 ... 100%,
23,miext_w,von extern angefordertes ind. Mom.,Externally Requested Induced Torque,%,33,255,0 ... 100%,SY_BDE=0
24,Freie RAM-Zelle / Reserviert,Nicht belegter Kanal / Adresse 24,Unassigned RAM Address / Reserved Channel 24,,,,,
25,vfzg,Geschwindigkeit,Vehicle Speed,km/h,7,125,0 ... 318 km/h,
26,Freie RAM-Zelle / Reserviert,Nicht belegter Kanal / Adresse 26,Unassigned RAM Address / Reserved Channel 26,,,,,
27,Freie RAM-Zelle / Reserviert,Nicht belegter Kanal / Adresse 27,Unassigned RAM Address / Reserved Channel 27,,,,,
28,fr_w,Lambda-Regelfaktor [0.5 ... 1.5],Lambda Control Factor [0.5 ... 1.5],,20,50,-50 ... <50%,
29,fr2_w,Lambda-Regelfaktor (Bank2) [0.5 ... 1.5],Lambda Control Factor (Bank 2) [0.5 ... 1.5],,20,50,-50 ... <50%,SY_STERVK=1
30,Freie RAM-Zelle / Reserviert,Nicht belegter Kanal / Adresse 30,Unassigned RAM Address / Reserved Channel 30,,,,,
31,rkat_w,Lambda-Adaption (additiv / multiplikativ),Lambda Adaptation (additive/multiplicative),%,20,24/12,+/-25% or +/-12%,SY_BDE=0 & B_plra=0/1
32,rkat2_w,Lam.-Ad. (Bank2),Lambda Adaptation (Bank 2),%,20,24/12,+/-25% or +/-12%,SY_BDE=0 & SY_STERVK=1 & B_plra=0/1
33,fra_w,Lambda Adaption fra [0.5 ... 1.5],Lambda Adaptation fra [0.5 ... 1.5],,20,50,-50 ... 50%,
34,fra2_w,Lambda-Adaption fra (Bank 2) [0.5 ... 1.5],Lambda Adaptation fra (Bank 2) [0.5 ... 1.5],,20,50,-50 ... 50%,SY_STERVK=1
35,Freie RAM-Zelle / Reserviert,Nicht belegter Kanal / Adresse 35,Unassigned RAM Address / Reserved Channel 35,,,,,
36,Freie RAM-Zelle / Reserviert,Nicht belegter Kanal / Adresse 36,Unassigned RAM Address / Reserved Channel 36,,,,,
37,Freie RAM-Zelle / Reserviert,Nicht belegter Kanal / Adresse 37,Unassigned RAM Address / Reserved Channel 37,,,,,
38,Freie RAM-Zelle / Reserviert,Nicht belegter Kanal / Adresse 38,Unassigned RAM Address / Reserved Channel 38,,,,,
39,ushk_w,Sondenspannung 1 hinter Kat,Oxygen Sensor Voltage 1 Behind Catalytic Converter,Volt,66,10,0 ... 3.98 V,
40,ushk2_w,Sondenspannung 2 hinter Kat,Oxygen Sensor Voltage 2 Behind Catalytic Converter,Volt,66,10,0 ... 3.98 V,SY_STERHK=1
41,lamelsh_w,Lambda-Soll f¸r Diag. h. Kat,Target Lambda for Diagnosis Behind Cat (Bank 1),,31,20,0.00 ... 1.99,SY_NOHK=0
42,lamelsh2_w,Lambda-Soll f¸r Diag. h. Kat Bank 2,Target Lambda for Diagnosis Behind Cat (Bank 2),,31,20,0.00 ... 1.99,SY_NOHK=0 & SY_STERHK=1
43,lamsbg_w,Lambda-Soll (LSU) Bank 1,Target Lambda (LSU) Bank 1,,31,20,0.00 ... 1.99,
44,lamsbg2_w,Lambda-Soll (LSU) Bank 2,Target Lambda (LSU) Bank 2,,31,20,0.00 ... 1.99,SY_STERVK=1
45,lamsoni_w,Lambda-Ist (LSU) Bank 1,Actual Lambda (LSU) Bank 1,,31,160/20,0.00 ... 15.99 / 1.99,SY_SCH>0 or SY_SCH<=0
46,lamsoni2_w,Lambda-Ist (LSU) Bank 2,Actual Lambda (LSU) Bank 2,,31,160/20,0.00 ... 15.99 / 1.99,SY_STERVK=1 & (SY_SCH>0 or <=0)
47,000XXXXX,"Flagregister: Bit 0: B_lr, Bit 1: Babbvk, Bit 2: B_hav, Bit 3: Birka, Bit 4: Birsez","Flag Register: Bit 0: Lambda Control Active, Bit 1: Fuel Cutoff Active, Bit 2: Cat Heating Active, Bit 3: Short-Trip Adaptation, Bit 4: Sensor Replacement Indicator",Bits,16,1Fh,,SY_ZZLAM=1
48,0000XXXX,"Flagregister: Bit 0: Blrhk, Bit 1: B_sbbhk, Bit 2: Bhshe, Bit 3: B_lrhkp","Flag Register: Bit 0: Lambda Control Behind Cat, Bit 1: Readiness Behind Cat, Bit 2: Heating Behind Cat, Bit 3: Proportional Lambda Control Behind Cat",Bits,16,0Fh,,
49,000XXXXX,Flagregister: Bank 2 Lambda Control Flags,Flag Register: Bank 2 Lambda Control Flags (Bits 0-4 matching Bank 1),Bits,16,1Fh,,SY_STERVK=1 & SY_ZZLAM=1
50,0000XXXX,Flagregister: Bank 2 Behind Cat Flags,Flag Register: Bank 2 Behind Cat Flags (Bits 0-3 matching Bank 1),Bits,16,0Fh,,SY_STERHK=1
51,wkrdya_0_A,adaptierter Z¸ndwinkel bei Dynamik n-Bereich 0,Adapted Ignition Angle in Dynamic RPM Range 0,KW,34,75,-96 ... 96 KW,
52,rkrn_w_0_A,normierter Referenzpegel Zyl.1,Normalized Reference Level Cylinder 1,Volt,21,156,0 ... 40 V,
53,wkrdya_1_A,adaptierter Z¸ndwinkel bei Dynamik n-Bereich 1,Adapted Ignition Angle in Dynamic RPM Range 1,KW,34,75,-96 ... 96 KW,
54,rkrn_w_1_A,normierter Referenzpegel Zyl.2,Normalized Reference Level Cylinder 2,Volt,21,156,0 ... 40 V,
55,wkrdya_2_A,adaptierter Z¸ndwinkel bei Dynamik n-Bereich 2,Adapted Ignition Angle in Dynamic RPM Range 2,KW,34,75,-96 ... 96 KW,
56,rkrn_w_2_A,normierter Referenzpegel Zyl.3,Normalized Reference Level Cylinder 3,Volt,21,156,0 ... 40 V,
57,wkrdya_3_A,adaptierter Z¸ndwinkel bei Dynamik n-Bereich 3,Adapted Ignition Angle in Dynamic RPM Range 3,KW,34,75,-96 ... 96 KW,
58,rkrn_w_3_A,normierter Referenzpegel Zyl.4,Normalized Reference Level Cylinder 4,Volt,21,156,0 ... 40 V,SY_ZYLZA>3
59,wkrdya_4_A,adaptierter Z¸ndwinkel bei Dynamik n-Bereich 4,Adapted Ignition Angle in Dynamic RPM Range 4,KW,34,75,-96 ... 96 KW,
60,rkrn_w_4_A,normierter Referenzpegel Zyl.5,Normalized Reference Level Cylinder 5,Volt,21,156,0 ... 40 V,SY_ZYLZA>4
61,rkrn_w_5_A,normierter Referenzpegel Zyl.6,Normalized Reference Level Cylinder 6,Volt,21,156,0 ... 40 V,SY_ZYLZA>5
62,wkrmdy_w,dynamischer Mittelwert,Dynamic Mean Value (Knock Control),KW,34,19,0 ... 24.13 KW,SY_TURBO
63,Freie RAM-Zelle / Reserviert,Nicht belegter Kanal / Adresse 63,Unassigned RAM Address / Reserved Channel 63,,,,,
64,rkrn_w_6_A,normierter Referenzpegel Zyl.7,Normalized Reference Level Cylinder 7,Volt,21,156,0 ... 40 V,SY_ZYLZA>6
65,wkrmstat_w,quasistation‰rer Mittelwert,Quasi-Stationary Mean Value,KW,34,19,0 ... 24.13 KW,SY_TURBO>0
66,rkrn_w_7_A,normierter Referenzpegel Zyl.8,Normalized Reference Level Cylinder 8,Volt,21,156,0 ... 40 V,SY_ZYLZA>7
67,fpvdk,Korrekturfaktor Druck (Sauger),Pressure Correction Factor (Naturally Aspirated),,20,100,0 ... 200% (-100 ... 100%),
68,fho_w,Korrekturfaktor Druck (Turbo),Altitude Correction Factor (Turbo),,20,100,0 ... 200% (-100 ... 100%),
69,rlmxs_w,maximal erreichbare F¸llung,Maximum Achievable Air Charge,%,33,133,0 ... 192%,
70,rlmax_w,maximal erreichbare F¸llung bei Turbo,Maximum Achievable Air Charge (Turbo),%,33,133,0 ... 192%,SY_TURBO>0
71,risol_w,Sollf¸llung,Target / Setpoint Air Charge,%,33,67,,
72,Freie RAM-Zelle / Reserviert,Nicht belegter Kanal / Adresse 72,Unassigned RAM Address / Reserved Channel 72,,,,,
73,fldrrx_w,Korrekturfaktor Maximalf¸llung aus KR,Max Charge Correction Factor from Knock Control,%,23,200,0 ... 199%,SY_TURBO>0
74,tix_1,1. Einspritzzeit b. Doppeleinspritzung,1st Injection Time during Dual Injection,ms,22,255,0 ... 65.02 ms,SY_BDE=1
75,Freie RAM-Zelle / Reserviert,Nicht belegter Kanal / Adresse 75,Unassigned RAM Address / Reserved Channel 75,,,,,
76,plsol,Soll-Ladedruck,Target Boost Pressure,mbar,16,250,0 ... 2550 mbar,SY_TURBO>0
77,pvdr_w,Druck vor Drosselklappe Rohwert,Pressure Before Throttle Valve (Raw),hPa,18,250,0 ... 2550 mbar,SY_DSVDK
78,ldtvm,LDR Tastverh‰ltnis moduliert,Boost Pressure Control Duty Cycle (Final),%,33,255,0 ... 100%,SY_TURBO
79,00XXXXXX,"Flagregister: Bit 0: B_ldb, Bit 1: Bldr, Bit 2: Blds, Bit 3: B_ldob, Bit 4: Bldobsp, Bit 5: B_brlmx","Boost Control Flag Register: Bit 0: Boost Ready, Bit 1: Boost Active, Bit 2: Boost Diagnosis, Bit 3: Overboost Active, Bit 4: Overboost Protection, Bit 5: Limit Charge",Bits,16,3Fh,,SY_TURBO>0
80,tmotlin,Motortemperatur,Engine Coolant Temperature,∞C,5,10,-50 ... 1225 ∞C,
81,wub_w,Batteriespannung,Battery Voltage,Volt,21,94,0 ... 23.97 V,
82,Freie RAM-Zelle / Reserviert,Nicht belegter Kanal / Adresse 82,Unassigned RAM Address / Reserved Channel 82,,,,,
83,tiy_1[0],2. Einspritzzeit b. Doppeleinspritzung,2nd Injection Time during Dual Injection,ms,22,255,0 ... 65.02 ms,SY_BDE=1 & Conditions
84,ps_w,Saugrohrdruck absolut,Manifold Absolute Pressure (MAP),hPa,18,250,0 ... 2550 mbar,
85,tanalin,Ansauglufttemperatur,Intake Air Temperature,∞C,5,10,-50 ... 1225 ∞C,
86,vfil_w,Geschwindigkeit gefiltert,Filtered Vehicle Speed,km/h,7,100,0 ... 255 km/h,
87,000XXXXX,"Flagregister: Operating State / Mode (Idle, Part Load, Full Load, Overrun, etc.)","Flag Register: Operating State (Bit 0: Idle, Bit 2: Full Load, Bit 3: Overrun, Bit 4: Enrichment)",Text,37,0,Text Display per Value,
88,dwkrz_0_A,zylinderindividuelle Z¸ndwinkelsp‰tverst 1,Cylinder-Individual Ignition Retard 1,KW,34,75,-96 ... 96 KW,
89,dwkrz_1_A,zylinderindividuelle Z¸ndwinkelsp‰tverst 2,Cylinder-Individual Ignition Retard 2,KW,34,75,-96 ... 96 KW,
90,dwkrz_2_A,zylinderindividuelle Z¸ndwinkelsp‰tverst 3,Cylinder-Individual Ignition Retard 3,KW,34,75,-96 ... 96 KW,
91,dwkrz_3_A,zylinderindividuelle Z¸ndwinkelsp‰tverst 4,Cylinder-Individual Ignition Retard 4,KW,34,75,-96 ... 96 KW,
92,dwkrz_4_A,zylinderindividuelle Z¸ndwinkelsp‰tverst 5,Cylinder-Individual Ignition Retard 5,KW,34,75,-96 ... 96 KW,
93,dwkrz_5_A,zylinderindividuelle Z¸ndwinkelsp‰tverst 6,Cylinder-Individual Ignition Retard 6,KW,34,75,-96 ... 96 KW,
94,dwkrz_6_A,zylinderindividuelle Z¸ndwinkelsp‰tverst 7,Cylinder-Individual Ignition Retard 7,KW,34,75,-96 ... 96 KW,
95,dwkrz_7_A,zylinderindividuelle Z¸ndwinkelsp‰tverst 8,Cylinder-Individual Ignition Retard 8,KW,34,75,-96 ... 96 KW,
96,afnmn,"Bereichsfenster Aussetzer, min. Drehzahl","Misfire Detection Window, Min RPM",U/min,1,200,0 ... 9960 U/min,
97,afnmx,"Bereichsfenster Aussetzer, max. Drehzahl","Misfire Detection Window, Max RPM",U/min,1,200,0 ... 9960 U/min,
98,afmimn,"Bereichsfenster Aussetzer, min. Last","Misfire Detection Window, Min Load",%,33,255,0 ... 100%,
99,afmimx,"Bereichsfenster Aussetzer, max. Last","Misfire Detection Window, Max Load",%,33,255,0 ... 100%,
100,zwist,Ist-Z¸ndwinkel,Actual Ignition Angle,KW,27,75,-96 ... +95.25 KW,
101,fzabgs,Aussetzerz‰hler Summe,Total Misfire Counter Sum,,54,var,0 ... 65535,
102,etazwbm,gemittelter Z¸ndwinkelwirkungsgrad,Average Ignition Angle Efficiency,,33,200,0 ... 127.5,
103,fkmedks_w,Korrekturfaktor schneller Massenstromabgleich,Correction Factor for Fast Mass Flow Adjust,,31,40,0 ... 4,
104,Freie RAM-Zelle / Reserviert,Nicht belegter Kanal / Adresse 104,Unassigned RAM Address / Reserved Channel 104,,,,,
105,000XXXXX,Flagregister: Nockenwellensteuerung Bank 2,Camshaft Control Flag Register Bank 2,Text,37,0,System Status Text,SY_NWGE2
106,tkatm,Katalysatortemperatur aus Modell,Modeled Catalytic Converter Temperature (Bank 1),∞C,97,10,-50 ... 1225 ∞C,
107,Freie RAM-Zelle / Reserviert,Nicht belegter Kanal / Adresse 107,Unassigned RAM Address / Reserved Channel 107,,,,,
108,Freie RAM-Zelle / Reserviert,Nicht belegter Kanal / Adresse 108,Unassigned RAM Address / Reserved Channel 108,,,,,
109,Freie RAM-Zelle / Reserviert,Nicht belegter Kanal / Adresse 109,Unassigned RAM Address / Reserved Channel 109,,,,,
110,Freie RAM-Zelle / Reserviert,Nicht belegter Kanal / Adresse 110,Unassigned RAM Address / Reserved Channel 110,,,,,
111,tkatm2,"Katalysatortemperatur aus Modell, Bank 2",Modeled Catalytic Converter Temperature (Bank 2),∞C,97,10,-50 ... 1225 ∞C,SY_STERVK=1
112,Textausgabe,Textausgabe: SY_STERVK=1 Bank 1 Sensor 1 Status,Text Output: Bank 1 Sensor 1 Status Messages,Text,37,0,Text Status,
113,Flagregister,Flagregister: Diagnostics / Cat Readiness,Flag Register: Cat Readiness & O2 Status Bank 1,Text,37,0,Text Status,
114,Flagregister,Flagregister: SY_STERHK-1 Bank 2 O2 Status,Flag Register: Bank 2 Behind Cat O2 Status,Text,37,30,Text Status,SY_STERHK=1
115,Flagregister,Flagregister: Test status elements for Cat,Flag Register: Cat Test Status Elements,Text,37,0,Test Active/Passive,
116,Flagregister,Flagregister: SY_STERVK=1 & SY_STERHK=1 Bank 2 Cat Test,Flag Register: Bank 2 Cat Test Status Elements,Text,37,0,Test Active/Passive,SY_STERVK=1 & SY_STERHK=1
117,Freie RAM-Zelle / Reserviert,Nicht belegter Kanal / Adresse 117,Unassigned RAM Address / Reserved Channel 117,,,,,
118,Freie RAM-Zelle / Reserviert,Nicht belegter Kanal / Adresse 118,Unassigned RAM Address / Reserved Channel 118,,,,,
119,Freie RAM-Zelle / Reserviert,Nicht belegter Kanal / Adresse 119,Unassigned RAM Address / Reserved Channel 119,,,,,
120,rinh_w,Innenwiderstand Sonde hinter Kat,Internal Resistance of O2 Sensor Behind Cat,kOhm,80,var,0 ... 99.99 kOhm,SY_NOHK=0
121,rinh2_w,"Innenwiderstand Sonde 2 hinter Kat, Bank 2",Internal Resistance of O2 Sensor 2 Behind Cat Bank 2,kOhm,80,var,0 ... 99.99 kOhm,SY_NOHK=0 & SY_STERHK=1
122,Flagregister,Flagregister: Lambdasondenheizung vor Kat,Flag Register: O2 Sensor Heating Before Cat,Text,37,0,Heater ON/OFF,
123,Flagregister,Flagregister: Lambdasondenheizung hinter Kat,Flag Register: O2 Sensor Heating Behind Cat,Text,37,0,Heater ON/OFF,
124,Flagregister,Flagregister: SY_STERVK=1 Heater Bank 2,Flag Register: O2 Sensor Heating Before Cat Bank 2,Text,37,0,Heater ON/OFF,SY_STERVK=1
125,Flagregister,Flagregister: SY_STERHK=1 Heater Bank 2 Behind Cat,Flag Register: O2 Sensor Heating Behind Cat Bank 2,Text,37,0,Heater ON/OFF,SY_STERHK=1
126,Freie RAM-Zelle / Reserviert,Nicht belegter Kanal / Adresse 126,Unassigned RAM Address / Reserved Channel 126,,,,,
127,Freie RAM-Zelle / Reserviert,Nicht belegter Kanal / Adresse 127,Unassigned RAM Address / Reserved Channel 127,,,,,
128,Freie RAM-Zelle / Reserviert,Nicht belegter Kanal / Adresse 128,Unassigned RAM Address / Reserved Channel 128,,,,,
129,Freie RAM-Zelle / Reserviert,Nicht belegter Kanal / Adresse 129,Unassigned RAM Address / Reserved Channel 129,,,,,
130,gangi,Gang vom CAN bei AT oder aus n/v bei HS,Gear Position from CAN (AT) or Speed/RPM Ratio (Manual),,54,0,Gear Number,
131,Flagregister,Flagregister: A/C Pressure / Load State,Flag Register: A/C Low / High State,Text,37,0,A/C State,
132,Flagregister,Flagregister: Compressor Status,Flag Register: Compressor ON/OFF Status,Text,37,0,Compressor Status,
133,lbz,Ladebilanz der Batterie,Battery Charge Balance,%,33,255,0 ... 100%,
134,waks,Drosselklappenwinkel Soll,Setpoint Throttle Valve Angle,%,33,255,0 ... 100%,
135,dmllri_w,Drehmoment‰nderung von der LLR,Torque Variation from Idle Speed Control,%,20,25,+/- 25%,
136,ml_w,Luftmassenfluﬂ per Hub,Air Mass Flow per Stroke,g/B,25,var,0 ... 364,
137,XXXXXXXX,Flagregister: Camshaft Status & Cyl Cutoff Registers,Flag Register: Camshaft & Cylinder Diagnosis Status Flags,Bits,16,FFh,,
138,XXXXXXXX,"Flagregister: Brake, Clutch, Idle Switch Flags","Flag Register: Brake, Clutch, Engine Mode State Flags",Bits,16,FFh,,
139,XXXXXXXX,Flagregister: Diverse Control Flags Bank 2 Adaptation,Flag Register: Diverse Lambda Control Flags (Bank 2),Bits,16,FFh,,
140,Flagregister,Flagregister: SY_NWGE > 0 Camshaft Adaptation Test,Flag Register: Camshaft Adaptation Test State (Bank 1),Text,37,0,Test Status Text,SY_NWGE > 0
141,Flagregister,Flagregister: SY_NWS > 0 Camshaft Control Status,Flag Register: Camshaft Control Status (ON/OFF),Text,37,0,NW-St. EIN/AUS,SY_NWS > 0
142,XXXXXXXX,"Flagregister: OBD-Status (MIL, Trip, Error Count)","Flag Register: OBD Status Flags (MIL, Trip, Error Count)",Bits,16,FFh,,
143,sumode,Flagregister: Saugrohrumschaltung Mode,Intake Manifold Runner Control Mode,Text,37,0,Runner Stage / State,SY_SU>0
144,Flagregister,Flagregister: SY_SU>0 Runner Active Flag,Flag Register: Intake Runner Control Active Flag,Text,37,0,SU-V EIN/AUS,SY_SU>0
145,migs_w,vom Getriebe angefordertes induziertes Moment,Induced Torque Requested by Transmission,Nm,52,var,0 ... 999 Nm,MDNORM
146,Freie RAM-Zelle / Reserviert,Nicht belegter Kanal / Adresse 146,Unassigned RAM Address / Reserved Channel 146,,,,,
147,Freie RAM-Zelle / Reserviert,Nicht belegter Kanal / Adresse 147,Unassigned RAM Address / Reserved Channel 147,,,,,
148,Flagregister,Flagregister: ASR Control Status,Flag Register: ASR Intervention Active Flag,Text,37,0,ASR Active Status,
149,Flagregister,Flagregister: Engine Intervention Type,Flag Register: Engine Intervention Status (No intervention vs Engine Intervention),Text,37,0,Intervention Type,
150,Flagregister,Flagregister: Fuel Cut-Off State,Flag Register: Overrun Fuel Cut-Off Status (ON/OFF),Text,37,0,Cut-Off Status,
151,pus_w,Umgebungsdruck Sensor,Ambient / Atmospheric Pressure Sensor,hPa,18,125,0 ... 1275 hPa,SY_DSU=0
152,tats_w,Abgastemperatur aus Sensor,Exhaust Gas Temperature Sensor Value,∞C,5,var,-50 ... 995 ∞C,SY_ATR=1 & Conditions
153,Freie RAM-Zelle / Reserviert,Nicht belegter Kanal / Adresse 153,Unassigned RAM Address / Reserved Channel 153,,,,,
154,udkpl_w,Spannung Drosselklappenpoti 1 bezogen auf Uref,Throttle Position Sensor 1 Voltage Ratio,%,23,100,0 ... 100%,
155,udkp2_w,Spannung Drosselklappenpoti 2 bezogen auf Uref,Throttle Position Sensor 2 Voltage Ratio,%,23,100,0 ... 100%,
156,upwg1_w,Spannung PWG Poti 1 bezogen auf Uref,Accelerator Pedal Sensor 1 Voltage Ratio,%,23,100,0 ... 100%,
157,upwg2_w,Spannung PWG Poti 2 bezogen auf Uref,Accelerator Pedal Sensor 2 Voltage Ratio,%,23,100,0 ... 100%,
158,Freie RAM-Zelle / Reserviert,Nicht belegter Kanal / Adresse 158,Unassigned RAM Address / Reserved Channel 158,,,,,
159,Freie RAM-Zelle / Reserviert,Nicht belegter Kanal / Adresse 159,Unassigned RAM Address / Reserved Channel 159,,,,,
160,Freie RAM-Zelle / Reserviert,Nicht belegter Kanal / Adresse 160,Unassigned RAM Address / Reserved Channel 160,,,,,
161,Freie RAM-Zelle / Reserviert,Nicht belegter Kanal / Adresse 161,Unassigned RAM Address / Reserved Channel 161,,,,,
162,Freie RAM-Zelle / Reserviert,Nicht belegter Kanal / Adresse 162,Unassigned RAM Address / Reserved Channel 162,,,,,
163,Freie RAM-Zelle / Reserviert,Nicht belegter Kanal / Adresse 163,Unassigned RAM Address / Reserved Channel 163,,,,,
164,lrnstep_c,Adaptionszustand,Throttle Valve Adaptation State Code,,54,0,0 ... 255,
165,Freie RAM-Zelle / Reserviert,Nicht belegter Kanal / Adresse 165,Unassigned RAM Address / Reserved Channel 165,,,,,
166,lrnstat,DVE-Adap. mit Urkoordinatenabsp.,Throttle Valve Adaptation Status Metrics,Text,37,0,Adaptation Status Description,SY_DVEKOOR=0
167,avatev,Anzahl der nicht erfolgreichen DTEV-Pr¸fungen,Number of Unsuccessful Evaporative Purge Tests,,8,10,0 ... 255,
168,ftead_w,Beladung des Aktivkohlefilters,Charcoal Canister Vapor Load Factor,%,33,20,-50 ... 50%,
169,tateout_w,Sp¸lrate Tankentl¸ftung,Evaporative Purge Flow Rate,,20,64,0 ... 0.50%,
170,mste_w,ausgegebenes Tastverh‰ltnis f¸r TEV,Evaporative Purge Valve Commanded Duty Cycle,%,23,100,0 ... 100%,
171,rkte_w,relativer Gemischanteil Tankentl¸ftung,Relative Fuel Content from Evap Purge,%,20,24,+/-24%,
172,XXXXXXXX,Flagregister: OBD Readiness State Overview,"Flag Register: OBD Readiness Flags (Cat, Evap, SLS, etc.)",Bits,16,FFh,,
173,XXXXXXXX,Flagregister: Cat & Evap System Monitor Fault Flags,Flag Register: Catalyst & Evap Monitor Diagnosis Flags,Bits,16,FFh,,
174,Flagregister,Flagregister: Fault status elements part 2,Flag Register: Heater & Evap Test Status Flags Part 2,Text,37,0,Status Descriptions,
175,Flagregister,Flagregister: Secondary Air / O2 Fault Flags Bank 1,Flag Register: O2 Sensor & Secondary Air Monitor Fault Flags,Bits,16,FFh,,
176,XXXXXXXX,Flagregister: Secondary Air / EGR Monitor Fault Flags Bank 2,Flag Register: Bank 2 Monitor Fault Flags & AGR Monitor,Bits,16,FFh,,
177,Freie RAM-Zelle / Reserviert,Nicht belegter Kanal / Adresse 177,Unassigned RAM Address / Reserved Channel 177,,,,,
178,Freie RAM-Zelle / Reserviert,Nicht belegter Kanal / Adresse 178,Unassigned RAM Address / Reserved Channel 178,,,,,
179,Freie RAM-Zelle / Reserviert,Nicht belegter Kanal / Adresse 179,Unassigned RAM Address / Reserved Channel 179,,,,,
180,Freie RAM-Zelle / Reserviert,Nicht belegter Kanal / Adresse 180,Unassigned RAM Address / Reserved Channel 180,,,,,
181,dwnwspe_2,Abw. Adaptionsw. Einl.1,Intake Camshaft Adaptation Offset 1,KW,34,100,+/-100 KW,SY_NWGE>0
182,dwnwape2_w,Abw. Adaptionsw. Ei.2,Intake Camshaft Adaptation Offset 2,KW,34,100,+/-100 KW,SY_NWGE2>0
183,wnwsfae_w,Nockenwellensteuerung Winkelsollabweichung,Camshaft Control Angle Target Deviation,KW,34,100,+/-100 KW,SY_NWGE>0 & SY_NWS>0
184,Freie RAM-Zelle / Reserviert,Nicht belegter Kanal / Adresse 184,Unassigned RAM Address / Reserved Channel 184,,,,,
185,Freie RAM-Zelle / Reserviert,Nicht belegter Kanal / Adresse 185,Unassigned RAM Address / Reserved Channel 185,,,,,
186,Freie RAM-Zelle / Reserviert,Nicht belegter Kanal / Adresse 186,Unassigned RAM Address / Reserved Channel 186,,,,,
187,tmki,genaues Temperatursignal,High-Resolution Engine Temperature Signal,∞C,5,10,High Res Temp,SY_GGGTS=1
188,drlfue_w,Lastkorrektur des F¸llungsreglers,Load Correction of Charge Controller,%,20,128,+/-100%,
189,Freie RAM-Zelle / Reserviert,Nicht belegter Kanal / Adresse 189,Unassigned RAM Address / Reserved Channel 189,,,,,
190,Freie RAM-Zelle / Reserviert,Nicht belegter Kanal / Adresse 190,Unassigned RAM Address / Reserved Channel 190,,,,,
191,Freie RAM-Zelle / Reserviert,Nicht belegter Kanal / Adresse 191,Unassigned RAM Address / Reserved Channel 191,,,,,
192,vziel_w,Geschwindigkeit soll [0 ... 255],Cruise Control Target Speed Setpoint,km/h,7,100,0 ... 255 km/h,B_fgrte=1
193,XXXXXXXX,Flagregister: Cruise Control & Brake Status Flags,Flag Register: Cruise Control Switch & Pedal Status Flags,Bits,16,FFh,,
194,Freie RAM-Zelle / Reserviert,Nicht belegter Kanal / Adresse 194,Unassigned RAM Address / Reserved Channel 194,,,,,
195,Flagregister,Flagregister: Evap Purge System Test Status,Flag Register: Evap Purge Valve Test Status (ON/OFF/OK/Fault),Text,37,0,Test Text Status,
196,dlamatr_w,Anfettung Abgastemperaturregelung,Exhaust Gas Temp Control Lambda Enrichment (Bank 1),%,33,255,0 ... 50%,SY_ATR=1 & CWATR>0
197,dlamatr2_w,Anfettung Abgastemperaturregelung Bank 2,Exhaust Gas Temp Control Lambda Enrichment (Bank 2),%,33,255,0 ... 50%,SY_ATR=1 & SY_STERVK=1 & CWATR>0
198,fldrxl_w,rlmax-Korrektur durch den Langzeita.,Long-Term Adaptation Max Charge Correction Factor,%,20,50,-50 ... 50%,SY_TURBO=1
199,wkrmav,gemittelte Klopffalltiefe,Average Knock Control Retard Depth,KW,34,75,-96.00 ... 95.25 KW,
200,Freie RAM-Zelle / Reserviert,Nicht belegter Kanal / Adresse 200,Unassigned RAM Address / Reserved Channel 200,,,,,
201,Freie RAM-Zelle / Reserviert,Nicht belegter Kanal / Adresse 201,Unassigned RAM Address / Reserved Channel 201,,,,,
202,Freie RAM-Zelle / Reserviert,Nicht belegter Kanal / Adresse 202,Unassigned RAM Address / Reserved Channel 202,,,,,
203,Freie RAM-Zelle / Reserviert,Nicht belegter Kanal / Adresse 203,Unassigned RAM Address / Reserved Channel 203,,,,,
204,Freie RAM-Zelle / Reserviert,Nicht belegter Kanal / Adresse 204,Unassigned RAM Address / Reserved Channel 204,,,,,
205,Freie RAM-Zelle / Reserviert,Nicht belegter Kanal / Adresse 205,Unassigned RAM Address / Reserved Channel 205,,,,,
206,Freie RAM-Zelle / Reserviert,Nicht belegter Kanal / Adresse 206,Unassigned RAM Address / Reserved Channel 206,,,,,
207,Freie RAM-Zelle / Reserviert,Nicht belegter Kanal / Adresse 207,Unassigned RAM Address / Reserved Channel 207,,,,,
208,Freie RAM-Zelle / Reserviert,Nicht belegter Kanal / Adresse 208,Unassigned RAM Address / Reserved Channel 208,,,,,
209,Freie RAM-Zelle / Reserviert,Nicht belegter Kanal / Adresse 209,Unassigned RAM Address / Reserved Channel 209,,,,,
210,Freie RAM-Zelle / Reserviert,Nicht belegter Kanal / Adresse 210,Unassigned RAM Address / Reserved Channel 210,,,,,
211,Freie RAM-Zelle / Reserviert,Nicht belegter Kanal / Adresse 211,Unassigned RAM Address / Reserved Channel 211,,,,,
212,Freie RAM-Zelle / Reserviert,Nicht belegter Kanal / Adresse 212,Unassigned RAM Address / Reserved Channel 212,,,,,
213,Freie RAM-Zelle / Reserviert,Nicht belegter Kanal / Adresse 213,Unassigned RAM Address / Reserved Channel 213,,,,,
214,Freie RAM-Zelle / Reserviert,Nicht belegter Kanal / Adresse 214,Unassigned RAM Address / Reserved Channel 214,,,,,
215,Freie RAM-Zelle / Reserviert,Nicht belegter Kanal / Adresse 215,Unassigned RAM Address / Reserved Channel 215,,,,,
216,Freie RAM-Zelle / Reserviert,Nicht belegter Kanal / Adresse 216,Unassigned RAM Address / Reserved Channel 216,,,,,
217,Freie RAM-Zelle / Reserviert,Nicht belegter Kanal / Adresse 217,Unassigned RAM Address / Reserved Channel 217,,,,,
218,Freie RAM-Zelle / Reserviert,Nicht belegter Kanal / Adresse 218,Unassigned RAM Address / Reserved Channel 218,,,,,
219,Freie RAM-Zelle / Reserviert,Nicht belegter Kanal / Adresse 219,Unassigned RAM Address / Reserved Channel 219,,,,,
220,Freie RAM-Zelle / Reserviert,Nicht belegter Kanal / Adresse 220,Unassigned RAM Address / Reserved Channel 220,,,,,
221,Freie RAM-Zelle / Reserviert,Nicht belegter Kanal / Adresse 221,Unassigned RAM Address / Reserved Channel 221,,,,,
222,dlafi_w,I-Anteil der stetigen Lambdaregelung hinter Front-Kat,Integral Component of Continuous Lambda Control Behind Cat,,61,255,-0.5 ... 0.5,SY_LSFNVK>0
223,dlafi2_w,I-Anteil der stetigen Lambdaregelung h. Front-Kat B2,Integral Component of Continuous Lambda Control Behind Cat B2,,61,255,-0.5 ... 0.5,SY_LSFNVK2>0
224,fzabgzyl_w_0_A,Aussetzer-Z‰hler Zyl.1,Cylinder 1 Misfire Counter,,54,var,0 ... 65535,
225,fzabgzyl_w_1_A,Aussetzer-Z‰hler Zyl.2,Cylinder 2 Misfire Counter,,54,var,0 ... 65535,
226,fzabgzyl_w_2_A,Aussetzer-Z‰hler Zyl.3,Cylinder 3 Misfire Counter,,54,var,0 ... 65535,
227,fzabgzyl_w_3_A,Aussetzer-Z‰hler Zyl.4,Cylinder 4 Misfire Counter,,54,var,0 ... 65535,
228,fzabgzyl_w_4_A,Aussetzer-Z‰hler Zyl.5,Cylinder 5 Misfire Counter,,54,var,0 ... 65535,SY_ZYLZA>4
229,fzabgzyl_w_5_A,Aussetzer-Z‰hler Zyl.6,Cylinder 6 Misfire Counter,,54,var,0 ... 65535,SY_ZYLZA>5
230,fzabgzyl_w_6_A,Aussetzer-Z‰hler Zyl.7,Cylinder 7 Misfire Counter,,54,var,0 ... 65535,SY_ZYLZA>6
231,fzabgzyl_w_7_A,Aussetzer-Z‰hler Zyl.8,Cylinder 8 Misfire Counter,,54,var,0 ... 65535,SY_ZYLZA>7
232,Freie RAM-Zelle / Reserviert,Nicht belegter Kanal / Adresse 232,Unassigned RAM Address / Reserved Channel 232,,,,,
233,Freie RAM-Zelle / Reserviert,Nicht belegter Kanal / Adresse 233,Unassigned RAM Address / Reserved Channel 233,,,,,
234,Flagregister,Flagregister: MIL-Status Aktivierung / Sperrung,Flag Register: MIL Status Activation (Enabled/Blocked),Text,37,G,Text status,
235,Meﬂwert,Meﬂwert aus DLDP Tankleckdiagnose (Reed-Status),Tank Leak Diagnosis Measure Value (Reed Switch State),Text,37,1,Reed open / closed,SY_DLDP>0
236,Meﬂwert,Meﬂwert aus DLDP Leck-Grˆﬂe,"Tank Leak Size Classification (Fine leak, Gross leak, Aborted)",Text,37,37,Leak Size Text,SY_DLDP>0 & CDLDP>0
237,Meﬂwert,Meﬂwert aus DLDP Diagnosestatus,Tank Leak Diagnosis Test Execution State,Text,37,37,System-Check / Measuring,SY_DLDP>0
238,Meﬂwert,Meﬂwert aus DLDP Endergebnis,Tank Leak Diagnosis Final Assessment Result,Text,37,37,System OK / Not OK,SY_DLDP>0
239,Flagregister,Flagregister DSLSLR Sekund‰rluftsystem,Secondary Air Injection System Control Flags,Text,37,37,Test Status Text,SY_SLS>0
240,Freie RAM-Zelle / Reserviert,Nicht belegter Kanal / Adresse 240,Unassigned RAM Address / Reserved Channel 240,,,,,
241,Freie RAM-Zelle / Reserviert,Nicht belegter Kanal / Adresse 241,Unassigned RAM Address / Reserved Channel 241,,,,,
242,Freie RAM-Zelle / Reserviert,Nicht belegter Kanal / Adresse 242,Unassigned RAM Address / Reserved Channel 242,,,,,
243,Freie RAM-Zelle / Reserviert,Nicht belegter Kanal / Adresse 243,Unassigned RAM Address / Reserved Channel 243,,,,,
244,Freie RAM-Zelle / Reserviert,Nicht belegter Kanal / Adresse 244,Unassigned RAM Address / Reserved Channel 244,,,,,
245,Freie RAM-Zelle / Reserviert,Nicht belegter Kanal / Adresse 245,Unassigned RAM Address / Reserved Channel 245,,,,,
246,Freie RAM-Zelle / Reserviert,Nicht belegter Kanal / Adresse 246,Unassigned RAM Address / Reserved Channel 246,,,,,
247,Freie RAM-Zelle / Reserviert,Nicht belegter Kanal / Adresse 247,Unassigned RAM Address / Reserved Channel 247,,,,,
248,Freie RAM-Zelle / Reserviert,Nicht belegter Kanal / Adresse 248,Unassigned RAM Address / Reserved Channel 248,,,,,
249,rrext_w,Abgasr¸ckf¸hrrate,Exhaust Gas Recirculation (EGR) Rate,%,33,255,0 ... 100%,SY_AGR=1 & SY_AGRKOMP=3
250,psdss_w,Saugrohrdruck gemessen,Measured Manifold Absolute Pressure,hPa,18,250,0 ... 2550 mbar,SY_DSS>0
251,pvdkds_w,Druck vor Drosselklappe von Drucksensor,Pressure Before Throttle from Pressure Sensor,hPa,1.8,250,0 ... 2550 mbar,SY_DSVDK>0
252,psdmx_w,Kennf.ausgangsw. f¸r max. Druckplaus.,Characteristic Map Output for Max Pressure Plausibility,hPa,18,250,0 ... 2550 mbar,SY_DSS>0
253,padmn_w,Kennf.ausgangsw. f¸r min. Druckplaus.,Characteristic Map Output for Min Pressure Plausibility,hPa,1.8,250,0 ... 2550 mbar,SY_DSS>0
254,wdkfmx_w,Maximalwert DK-Winkel von Max-Auswahl,Maximum Throttle Angle from Max Selection Grid,%,33,255,0 ... 100%,SY_DSS>0
255,wdkfmn_w,Minimalwert DK-Winkel von Min-Auswahl,Minimum Throttle Angle from Min Selection Grid,%,33,255,0 ... 100%,SY_DSS>0
256,Erm_w,Mittelwert Lambda-Regelfaktor [0...2],Mean Lambda Control Factor Bank 1 [0...2],%,20,100,+/-100%,
257,Erm2_w,Mittelwert Lambda-Regelfaktor (Bank 2) [0...2],Mean Lambda Control Factor Bank 2 [0...2],%,20,100,+/-100%,SY_STERVK=1
258,Freie RAM-Zelle / Reserviert,Nicht belegter Kanal / Adresse 258,Unassigned RAM Address / Reserved Channel 258,,,,,
259,Freie RAM-Zelle / Reserviert,Nicht belegter Kanal / Adresse 259,Unassigned RAM Address / Reserved Channel 259,,,,,
260,Freie RAM-Zelle / Reserviert,Nicht belegter Kanal / Adresse 260,Unassigned RAM Address / Reserved Channel 260,,,,,
261,Freie RAM-Zelle / Reserviert,Nicht belegter Kanal / Adresse 261,Unassigned RAM Address / Reserved Channel 261,,,,,
262,Freie RAM-Zelle / Reserviert,Nicht belegter Kanal / Adresse 262,Unassigned RAM Address / Reserved Channel 262,,,,,
263,Freie RAM-Zelle / Reserviert,Nicht belegter Kanal / Adresse 263,Unassigned RAM Address / Reserved Channel 263,,,,,
264,Freie RAM-Zelle / Reserviert,Nicht belegter Kanal / Adresse 264,Unassigned RAM Address / Reserved Channel 264,,,,,
265,Freie RAM-Zelle / Reserviert,Nicht belegter Kanal / Adresse 265,Unassigned RAM Address / Reserved Channel 265,,,,,
266,Freie RAM-Zelle / Reserviert,Nicht belegter Kanal / Adresse 266,Unassigned RAM Address / Reserved Channel 266,,,,,
267,Freie RAM-Zelle / Reserviert,Nicht belegter Kanal / Adresse 267,Unassigned RAM Address / Reserved Channel 267,,,,,
268,Freie RAM-Zelle / Reserviert,Nicht belegter Kanal / Adresse 268,Unassigned RAM Address / Reserved Channel 268,,,,,
269,Freie RAM-Zelle / Reserviert,Nicht belegter Kanal / Adresse 269,Unassigned RAM Address / Reserved Channel 269,,,,,
270,Freie RAM-Zelle / Reserviert,Nicht belegter Kanal / Adresse 270,Unassigned RAM Address / Reserved Channel 270,,,,,
271,Freie RAM-Zelle / Reserviert,Nicht belegter Kanal / Adresse 271,Unassigned RAM Address / Reserved Channel 271,,,,,
272,Freie RAM-Zelle / Reserviert,Nicht belegter Kanal / Adresse 272,Unassigned RAM Address / Reserved Channel 272,,,,,
273,Freie RAM-Zelle / Reserviert,Nicht belegter Kanal / Adresse 273,Unassigned RAM Address / Reserved Channel 273,,,,,
274,Freie RAM-Zelle / Reserviert,Nicht belegter Kanal / Adresse 274,Unassigned RAM Address / Reserved Channel 274,,,,,
275,Freie RAM-Zelle / Reserviert,Nicht belegter Kanal / Adresse 275,Unassigned RAM Address / Reserved Channel 275,,,,,
276,fmsla,Korrekturf. Sekund‰rluftm. adapt.,Adapted Secondary Air Mass Correction Factor,,31,20,0.00 ... 1.99,SY_SLS=0
277,Freie RAM-Zelle / Reserviert,Nicht belegter Kanal / Adresse 277,Unassigned RAM Address / Reserved Channel 277,,,,,
278,Freie RAM-Zelle / Reserviert,Nicht belegter Kanal / Adresse 278,Unassigned RAM Address / Reserved Channel 278,,,,,
279,Freie RAM-Zelle / Reserviert,Nicht belegter Kanal / Adresse 279,Unassigned RAM Address / Reserved Channel 279,,,,,
280,mslift,"Istwert SL-Masse, gefiltert",Actual Filtered Secondary Air Mass Flow,g/s,25,var,0.0 ... 28.3 g/s,SY_SLS>0
281,Freie RAM-Zelle / Reserviert,Nicht belegter Kanal / Adresse 281,Unassigned RAM Address / Reserved Channel 281,,,,,
282,psrext_w,Partialdruck EGR,Exhaust Gas Recirculation (EGR) Partial Pressure,hPa,18,250,0 ... 2550 mbar,SY_BDE=1
283,Flagregister,Flagregister DAGRS Abgasr¸ckf¸hrung,EGR Diagnosis Flag Register (DAGRS),Text,37,36,Test Active / System OK,SY_AGR=1 & Conditions
284,Flagregister,Flagregister Kickdown Status,Flag Register Transmission Kickdown Switch State,Text,37,0,Kickdown Active / Inactive,B_autget=1
285,zlkd,Flagregister GGPED Accelerator Pedal Adapt,Accelerator Pedal Kickdown Adaptation Status (GGPED),Text,37,37,Adaptation OK / Running / Error,
286,Freie RAM-Zelle / Reserviert,Nicht belegter Kanal / Adresse 286,Unassigned RAM Address / Reserved Channel 286,,,,,
287,Freie RAM-Zelle / Reserviert,Nicht belegter Kanal / Adresse 287,Unassigned RAM Address / Reserved Channel 287,,,,,
288,Freie RAM-Zelle / Reserviert,Nicht belegter Kanal / Adresse 288,Unassigned RAM Address / Reserved Channel 288,,,,,
289,Freie RAM-Zelle / Reserviert,Nicht belegter Kanal / Adresse 289,Unassigned RAM Address / Reserved Channel 289,,,,,
290,Freie RAM-Zelle / Reserviert,Nicht belegter Kanal / Adresse 290,Unassigned RAM Address / Reserved Channel 290,,,,,
291,Freie RAM-Zelle / Reserviert,Nicht belegter Kanal / Adresse 291,Unassigned RAM Address / Reserved Channel 291,,,,,
292,Freie RAM-Zelle / Reserviert,Nicht belegter Kanal / Adresse 292,Unassigned RAM Address / Reserved Channel 292,,,,,
293,ftefsoll_w,Sollwert Sp¸lrate Tankentl¸ftung,Target Evaporative Purge Flow Rate Setpoint,,33,255,0.0 ... 50.0,
294,mstedtef_w,Massenstrom Tankentl¸ftungsventil,Evaporative Purge Valve Mass Flow Rate,g/s,25,var,0.0 ... 8.88 g/s,
295,Freie RAM-Zelle / Reserviert,Nicht belegter Kanal / Adresse 295,Unassigned RAM Address / Reserved Channel 295,,,,,
296,dlafp_w,P-Anteil der stetigen Lambdaregelung hinter dem Front-Kat,Proportional Component of Continuous Lambda Control Behind Cat,,61,255,-0.5 ... 0.5,SY_LSFNVK>0
297,dlafp2_w,P-Anteil der stetigen Lambdaregelung h. Front-Kat B2,Proportional Component of Continuous Lambda Control Behind Cat B2,,61,255,-0.5 ... 0.5,SY_LSFNVK2>0
298,Freie RAM-Zelle / Reserviert,Nicht belegter Kanal / Adresse 298,Unassigned RAM Address / Reserved Channel 298,,,,,
299,Freie RAM-Zelle / Reserviert,Nicht belegter Kanal / Adresse 299,Unassigned RAM Address / Reserved Channel 299,,,,,
300,Freie RAM-Zelle / Reserviert,Nicht belegter Kanal / Adresse 300,Unassigned RAM Address / Reserved Channel 300,,,,,
301,Freie RAM-Zelle / Reserviert,Nicht belegter Kanal / Adresse 301,Unassigned RAM Address / Reserved Channel 301,,,,,
302,Freie RAM-Zelle / Reserviert,Nicht belegter Kanal / Adresse 302,Unassigned RAM Address / Reserved Channel 302,,,,,
303,Freie RAM-Zelle / Reserviert,Nicht belegter Kanal / Adresse 303,Unassigned RAM Address / Reserved Channel 303,,,,,
304,Freie RAM-Zelle / Reserviert,Nicht belegter Kanal / Adresse 304,Unassigned RAM Address / Reserved Channel 304,,,,,
305,Freie RAM-Zelle / Reserviert,Nicht belegter Kanal / Adresse 305,Unassigned RAM Address / Reserved Channel 305,,,,,
306,Freie RAM-Zelle / Reserviert,Nicht belegter Kanal / Adresse 306,Unassigned RAM Address / Reserved Channel 306,,,,,
307,Freie RAM-Zelle / Reserviert,Nicht belegter Kanal / Adresse 307,Unassigned RAM Address / Reserved Channel 307,,,,,
308,tabgm,Abgastemperatur vor Kat aus Modell,Modeled Exhaust Gas Temperature Before Cat (Bank 1),∞C,97,10,-50 ... 1225 ∞C,
309,tabgm2,Abgastemperatur vor Kat aus Modell Bank2,Modeled Exhaust Gas Temperature Before Cat (Bank 2),∞C,97,10,-50 ... 1225 ∞C,SY_STERVK=1
310,Freie RAM-Zelle / Reserviert,Nicht belegter Kanal / Adresse 310,Unassigned RAM Address / Reserved Channel 310,,,,,
311,Freie RAM-Zelle / Reserviert,Nicht belegter Kanal / Adresse 311,Unassigned RAM Address / Reserved Channel 311,,,,,
312,Freie RAM-Zelle / Reserviert,Nicht belegter Kanal / Adresse 312,Unassigned RAM Address / Reserved Channel 312,,,,,
313,Freie RAM-Zelle / Reserviert,Nicht belegter Kanal / Adresse 313,Unassigned RAM Address / Reserved Channel 313,,,,,
314,Freie RAM-Zelle / Reserviert,Nicht belegter Kanal / Adresse 314,Unassigned RAM Address / Reserved Channel 314,,,,,
315,Freie RAM-Zelle / Reserviert,Nicht belegter Kanal / Adresse 315,Unassigned RAM Address / Reserved Channel 315,,,,,
316,rinsh_w,Grenzwert Sondeninnenw. h. Kat Bank1,Internal Resistance Limit of O2 Sensor Behind Cat Bank 1,Ohm,80,var,0 ... 99.99 kOhm,SY_NOHK=0
317,rinsh2_w,Grenzwert Sondeninnenw. h. Kat Bank2,Internal Resistance Limit of O2 Sensor Behind Cat Bank 2,Ohm,80,var,0 ... 99.99 kOhm,SY_NOHK=0 & SY_STERHK=1
318,Freie RAM-Zelle / Reserviert,Nicht belegter Kanal / Adresse 318,Unassigned RAM Address / Reserved Channel 318,,,,,
319,Freie RAM-Zelle / Reserviert,Nicht belegter Kanal / Adresse 319,Unassigned RAM Address / Reserved Channel 319,,,,,
320,lambons_w,Lambda-Soll am Sondeneinbau,Target Lambda at Sensor Location Bank 1,,31,160,0.00 ... 15.99,
321,lamsons2_w,Lambda-Soll am Sondeneinbau Bank2,Target Lambda at Sensor Location Bank 2,,31,160,0.00 ... 15.99,SY_STERVK=1
322,dmrlash_w,Momentenreserve DLSAHK,Torque Reserve for Engine Vibration Check (DLSAHK),%,33,255,0.00 ... 100.0%,
323,lamlash_w,Lambda-Soll f¸r Schwingungspr¸fung,Target Lambda for Engine Vibration Check,,31,20,0.00 ... 1.99,
324,lamlash2_w,Lambda-Soll f. Schwingungsp. Bank2,Target Lambda for Engine Vibration Check Bank 2,,31,20,0.00 ... 1.99,SY_STERHK>0
325,Freie RAM-Zelle / Reserviert,Nicht belegter Kanal / Adresse 325,Unassigned RAM Address / Reserved Channel 325,,,,,
326,Freie RAM-Zelle / Reserviert,Nicht belegter Kanal / Adresse 326,Unassigned RAM Address / Reserved Channel 326,,,,,
327,Freie RAM-Zelle / Reserviert,Nicht belegter Kanal / Adresse 327,Unassigned RAM Address / Reserved Channel 327,,,,,
328,Freie RAM-Zelle / Reserviert,Nicht belegter Kanal / Adresse 328,Unassigned RAM Address / Reserved Channel 328,,,,,
329,Freie RAM-Zelle / Reserviert,Nicht belegter Kanal / Adresse 329,Unassigned RAM Address / Reserved Channel 329,,,,,
330,Freie RAM-Zelle / Reserviert,Nicht belegter Kanal / Adresse 330,Unassigned RAM Address / Reserved Channel 330,,,,,
331,Freie RAM-Zelle / Reserviert,Nicht belegter Kanal / Adresse 331,Unassigned RAM Address / Reserved Channel 331,,,,,
332,Freie RAM-Zelle / Reserviert,Nicht belegter Kanal / Adresse 332,Unassigned RAM Address / Reserved Channel 332,,,,,
333,Freie RAM-Zelle / Reserviert,Nicht belegter Kanal / Adresse 333,Unassigned RAM Address / Reserved Channel 333,,,,,
334,Freie RAM-Zelle / Reserviert,Nicht belegter Kanal / Adresse 334,Unassigned RAM Address / Reserved Channel 334,,,,,
335,Freie RAM-Zelle / Reserviert,Nicht belegter Kanal / Adresse 335,Unassigned RAM Address / Reserved Channel 335,,,,,
336,Freie RAM-Zelle / Reserviert,Nicht belegter Kanal / Adresse 336,Unassigned RAM Address / Reserved Channel 336,,,,,
337,Freie RAM-Zelle / Reserviert,Nicht belegter Kanal / Adresse 337,Unassigned RAM Address / Reserved Channel 337,,,,,
338,Freie RAM-Zelle / Reserviert,Nicht belegter Kanal / Adresse 338,Unassigned RAM Address / Reserved Channel 338,,,,,
339,Freie RAM-Zelle / Reserviert,Nicht belegter Kanal / Adresse 339,Unassigned RAM Address / Reserved Channel 339,,,,,
340,Freie RAM-Zelle / Reserviert,Nicht belegter Kanal / Adresse 340,Unassigned RAM Address / Reserved Channel 340,,,,,
341,Freie RAM-Zelle / Reserviert,Nicht belegter Kanal / Adresse 341,Unassigned RAM Address / Reserved Channel 341,,,,,
342,Freie RAM-Zelle / Reserviert,Nicht belegter Kanal / Adresse 342,Unassigned RAM Address / Reserved Channel 342,,,,,
343,Freie RAM-Zelle / Reserviert,Nicht belegter Kanal / Adresse 343,Unassigned RAM Address / Reserved Channel 343,,,,,
344,Freie RAM-Zelle / Reserviert,Nicht belegter Kanal / Adresse 344,Unassigned RAM Address / Reserved Channel 344,,,,,
345,Freie RAM-Zelle / Reserviert,Nicht belegter Kanal / Adresse 345,Unassigned RAM Address / Reserved Channel 345,,,,,
346,Freie RAM-Zelle / Reserviert,Nicht belegter Kanal / Adresse 346,Unassigned RAM Address / Reserved Channel 346,,,,,
347,Freie RAM-Zelle / Reserviert,Nicht belegter Kanal / Adresse 347,Unassigned RAM Address / Reserved Channel 347,,,,,
348,Freie RAM-Zelle / Reserviert,Nicht belegter Kanal / Adresse 348,Unassigned RAM Address / Reserved Channel 348,,,,,
349,Freie RAM-Zelle / Reserviert,Nicht belegter Kanal / Adresse 349,Unassigned RAM Address / Reserved Channel 349,,,,,
350,Freie RAM-Zelle / Reserviert,Nicht belegter Kanal / Adresse 350,Unassigned RAM Address / Reserved Channel 350,,,,,
351,Freie RAM-Zelle / Reserviert,Nicht belegter Kanal / Adresse 351,Unassigned RAM Address / Reserved Channel 351,,,,,
352,Freie RAM-Zelle / Reserviert,Nicht belegter Kanal / Adresse 352,Unassigned RAM Address / Reserved Channel 352,,,,,
353,kmatmil_w,Kilometerz‰hler mit MIL,Odometer Reading with MIL Active,km,36,var,0 ... 65536 km,
354,Freie RAM-Zelle / Reserviert,Nicht belegter Kanal / Adresse 354,Unassigned RAM Address / Reserved Channel 354,,,,,
355,Freie RAM-Zelle / Reserviert,Nicht belegter Kanal / Adresse 355,Unassigned RAM Address / Reserved Channel 355,,,,,
356,Freie RAM-Zelle / Reserviert,Nicht belegter Kanal / Adresse 356,Unassigned RAM Address / Reserved Channel 356,,,,,
357,Freie RAM-Zelle / Reserviert,Nicht belegter Kanal / Adresse 357,Unassigned RAM Address / Reserved Channel 357,,,,,
358,Freie RAM-Zelle / Reserviert,Nicht belegter Kanal / Adresse 358,Unassigned RAM Address / Reserved Channel 358,,,,,
359,Freie RAM-Zelle / Reserviert,Nicht belegter Kanal / Adresse 359,Unassigned RAM Address / Reserved Channel 359,,,,,
360,Freie RAM-Zelle / Reserviert,Nicht belegter Kanal / Adresse 360,Unassigned RAM Address / Reserved Channel 360,,,,,
361,Freie RAM-Zelle / Reserviert,Nicht belegter Kanal / Adresse 361,Unassigned RAM Address / Reserved Channel 361,,,,,
362,Freie RAM-Zelle / Reserviert,Nicht belegter Kanal / Adresse 362,Unassigned RAM Address / Reserved Channel 362,,,,,
363,Freie RAM-Zelle / Reserviert,Nicht belegter Kanal / Adresse 363,Unassigned RAM Address / Reserved Channel 363,,,,,
364,Freie RAM-Zelle / Reserviert,Nicht belegter Kanal / Adresse 364,Unassigned RAM Address / Reserved Channel 364,,,,,
365,dmvadll_w,Drehmoment‰nderung aus Verlustmomentadaption Leerlauf,Torque Adaptation Value for Idle Speed Control,%,20,25,-25 ... 25%,
366,dmvadko_w,Drehmoment‰nderung aus Verlustmomentadaption Klima,Torque Adaptation Value for A/C Compressor Load,%,20,25,-25 ... 25%,
367,dmvadls_w,Drehmoment‰nderung aus Verlustmomentadaption Servolenkung,Torque Adaptation Value for Power Steering Load,%,20,25,-25 ... 25%,
368,dmvadfk_w,Drehmoment‰nderung aus Verlustmomentadaption Fahrbereich,Torque Adaptation Value for Gear Engagement Load,%,20,25,-25 ... 25%,
369,Freie RAM-Zelle / Reserviert,Nicht belegter Kanal / Adresse 369,Unassigned RAM Address / Reserved Channel 369,,,,,
370,mlanm_w,Luftmassenfluﬂ Anlasserphase,Air Mass Flow During Engine Cranking Phase,g/s,25,var,0 ... 364 g/s,
371,Freie RAM-Zelle / Reserviert,Nicht belegter Kanal / Adresse 371,Unassigned RAM Address / Reserved Channel 371,,,,,
372,Freie RAM-Zelle / Reserviert,Nicht belegter Kanal / Adresse 372,Unassigned RAM Address / Reserved Channel 372,,,,,
373,Freie RAM-Zelle / Reserviert,Nicht belegter Kanal / Adresse 373,Unassigned RAM Address / Reserved Channel 373,,,,,
374,Freie RAM-Zelle / Reserviert,Nicht belegter Kanal / Adresse 374,Unassigned RAM Address / Reserved Channel 374,,,,,
375,Freie RAM-Zelle / Reserviert,Nicht belegter Kanal / Adresse 375,Unassigned RAM Address / Reserved Channel 375,,,,,
376,Freie RAM-Zelle / Reserviert,Nicht belegter Kanal / Adresse 376,Unassigned RAM Address / Reserved Channel 376,,,,,
377,Freie RAM-Zelle / Reserviert,Nicht belegter Kanal / Adresse 377,Unassigned RAM Address / Reserved Channel 377,,,,,
378,Freie RAM-Zelle / Reserviert,Nicht belegter Kanal / Adresse 378,Unassigned RAM Address / Reserved Channel 378,,,,,
379,Freie RAM-Zelle / Reserviert,Nicht belegter Kanal / Adresse 379,Unassigned RAM Address / Reserved Channel 379,,,,,
380,Freie RAM-Zelle / Reserviert,Nicht belegter Kanal / Adresse 380,Unassigned RAM Address / Reserved Channel 380,,,,,
381,Freie RAM-Zelle / Reserviert,Nicht belegter Kanal / Adresse 381,Unassigned RAM Address / Reserved Channel 381,,,,,
382,Freie RAM-Zelle / Reserviert,Nicht belegter Kanal / Adresse 382,Unassigned RAM Address / Reserved Channel 382,,,,,
383,Freie RAM-Zelle / Reserviert,Nicht belegter Kanal / Adresse 383,Unassigned RAM Address / Reserved Channel 383,,,,,
384,Freie RAM-Zelle / Reserviert,Nicht belegter Kanal / Adresse 384,Unassigned RAM Address / Reserved Channel 384,,,,,
385,Freie RAM-Zelle / Reserviert,Nicht belegter Kanal / Adresse 385,Unassigned RAM Address / Reserved Channel 385,,,,,
386,Freie RAM-Zelle / Reserviert,Nicht belegter Kanal / Adresse 386,Unassigned RAM Address / Reserved Channel 386,,,,,
387,Freie RAM-Zelle / Reserviert,Nicht belegter Kanal / Adresse 387,Unassigned RAM Address / Reserved Channel 387,,,,,
388,Freie RAM-Zelle / Reserviert,Nicht belegter Kanal / Adresse 388,Unassigned RAM Address / Reserved Channel 388,,,,,
389,Freie RAM-Zelle / Reserviert,Nicht belegter Kanal / Adresse 389,Unassigned RAM Address / Reserved Channel 389,,,,,
390,Freie RAM-Zelle / Reserviert,Nicht belegter Kanal / Adresse 390,Unassigned RAM Address / Reserved Channel 390,,,,,
391,Freie RAM-Zelle / Reserviert,Nicht belegter Kanal / Adresse 391,Unassigned RAM Address / Reserved Channel 391,,,,,
392,Freie RAM-Zelle / Reserviert,Nicht belegter Kanal / Adresse 392,Unassigned RAM Address / Reserved Channel 392,,,,,
393,Freie RAM-Zelle / Reserviert,Nicht belegter Kanal / Adresse 393,Unassigned RAM Address / Reserved Channel 393,,,,,
394,Freie RAM-Zelle / Reserviert,Nicht belegter Kanal / Adresse 394,Unassigned RAM Address / Reserved Channel 394,,,,,
395,Freie RAM-Zelle / Reserviert,Nicht belegter Kanal / Adresse 395,Unassigned RAM Address / Reserved Channel 395,,,,,
396,Freie RAM-Zelle / Reserviert,Nicht belegter Kanal / Adresse 396,Unassigned RAM Address / Reserved Channel 396,,,,,
397,Freie RAM-Zelle / Reserviert,Nicht belegter Kanal / Adresse 397,Unassigned RAM Address / Reserved Channel 397,,,,,
398,Freie RAM-Zelle / Reserviert,Nicht belegter Kanal / Adresse 398,Unassigned RAM Address / Reserved Channel 398,,,,,
399,Freie RAM-Zelle / Reserviert,Nicht belegter Kanal / Adresse 399,Unassigned RAM Address / Reserved Channel 399,,,,,
400,Freie RAM-Zelle / Reserviert,Nicht belegter Kanal / Adresse 400,Unassigned RAM Address / Reserved Channel 400,,,,,
401,Freie RAM-Zelle / Reserviert,Nicht belegter Kanal / Adresse 401,Unassigned RAM Address / Reserved Channel 401,,,,,
402,Freie RAM-Zelle / Reserviert,Nicht belegter Kanal / Adresse 402,Unassigned RAM Address / Reserved Channel 402,,,,,
403,Freie RAM-Zelle / Reserviert,Nicht belegter Kanal / Adresse 403,Unassigned RAM Address / Reserved Channel 403,,,,,
404,Freie RAM-Zelle / Reserviert,Nicht belegter Kanal / Adresse 404,Unassigned RAM Address / Reserved Channel 404,,,,,
405,Freie RAM-Zelle / Reserviert,Nicht belegter Kanal / Adresse 405,Unassigned RAM Address / Reserved Channel 405,,,,,
406,Freie RAM-Zelle / Reserviert,Nicht belegter Kanal / Adresse 406,Unassigned RAM Address / Reserved Channel 406,,,,,
407,Freie RAM-Zelle / Reserviert,Nicht belegter Kanal / Adresse 407,Unassigned RAM Address / Reserved Channel 407,,,,,
408,Freie RAM-Zelle / Reserviert,Nicht belegter Kanal / Adresse 408,Unassigned RAM Address / Reserved Channel 408,,,,,
409,Freie RAM-Zelle / Reserviert,Nicht belegter Kanal / Adresse 409,Unassigned RAM Address / Reserved Channel 409,,,,,
410,Freie RAM-Zelle / Reserviert,Nicht belegter Kanal / Adresse 410,Unassigned RAM Address / Reserved Channel 410,,,,,
411,Freie RAM-Zelle / Reserviert,Nicht belegter Kanal / Adresse 411,Unassigned RAM Address / Reserved Channel 411,,,,,
412,Freie RAM-Zelle / Reserviert,Nicht belegter Kanal / Adresse 412,Unassigned RAM Address / Reserved Channel 412,,,,,
413,Freie RAM-Zelle / Reserviert,Nicht belegter Kanal / Adresse 413,Unassigned RAM Address / Reserved Channel 413,,,,,
414,Freie RAM-Zelle / Reserviert,Nicht belegter Kanal / Adresse 414,Unassigned RAM Address / Reserved Channel 414,,,,,
415,Freie RAM-Zelle / Reserviert,Nicht belegter Kanal / Adresse 415,Unassigned RAM Address / Reserved Channel 415,,,,,
416,Freie RAM-Zelle / Reserviert,Nicht belegter Kanal / Adresse 416,Unassigned RAM Address / Reserved Channel 416,,,,,
417,Freie RAM-Zelle / Reserviert,Nicht belegter Kanal / Adresse 417,Unassigned RAM Address / Reserved Channel 417,,,,,
418,Freie RAM-Zelle / Reserviert,Nicht belegter Kanal / Adresse 418,Unassigned RAM Address / Reserved Channel 418,,,,,
419,Freie RAM-Zelle / Reserviert,Nicht belegter Kanal / Adresse 419,Unassigned RAM Address / Reserved Channel 419,,,,,
420,Freie RAM-Zelle / Reserviert,Nicht belegter Kanal / Adresse 420,Unassigned RAM Address / Reserved Channel 420,,,,,
421,Freie RAM-Zelle / Reserviert,Nicht belegter Kanal / Adresse 421,Unassigned RAM Address / Reserved Channel 421,,,,,
422,Freie RAM-Zelle / Reserviert,Nicht belegter Kanal / Adresse 422,Unassigned RAM Address / Reserved Channel 422,,,,,
423,Freie RAM-Zelle / Reserviert,Nicht belegter Kanal / Adresse 423,Unassigned RAM Address / Reserved Channel 423,,,,,
424,Freie RAM-Zelle / Reserviert,Nicht belegter Kanal / Adresse 424,Unassigned RAM Address / Reserved Channel 424,,,,,
425,Freie RAM-Zelle / Reserviert,Nicht belegter Kanal / Adresse 425,Unassigned RAM Address / Reserved Channel 425,,,,,
426,Freie RAM-Zelle / Reserviert,Nicht belegter Kanal / Adresse 426,Unassigned RAM Address / Reserved Channel 426,,,,,
427,Freie RAM-Zelle / Reserviert,Nicht belegter Kanal / Adresse 427,Unassigned RAM Address / Reserved Channel 427,,,,,
428,Freie RAM-Zelle / Reserviert,Nicht belegter Kanal / Adresse 428,Unassigned RAM Address / Reserved Channel 428,,,,,
429,Freie RAM-Zelle / Reserviert,Nicht belegter Kanal / Adresse 429,Unassigned RAM Address / Reserved Channel 429,,,,,
430,Freie RAM-Zelle / Reserviert,Nicht belegter Kanal / Adresse 430,Unassigned RAM Address / Reserved Channel 430,,,,,
431,Freie RAM-Zelle / Reserviert,Nicht belegter Kanal / Adresse 431,Unassigned RAM Address / Reserved Channel 431,,,,,
432,Freie RAM-Zelle / Reserviert,Nicht belegter Kanal / Adresse 432,Unassigned RAM Address / Reserved Channel 432,,,,,
433,Freie RAM-Zelle / Reserviert,Nicht belegter Kanal / Adresse 433,Unassigned RAM Address / Reserved Channel 433,,,,,
434,Freie RAM-Zelle / Reserviert,Nicht belegter Kanal / Adresse 434,Unassigned RAM Address / Reserved Channel 434,,,,,
435,Freie RAM-Zelle / Reserviert,Nicht belegter Kanal / Adresse 435,Unassigned RAM Address / Reserved Channel 435,,,,,
436,Freie RAM-Zelle / Reserviert,Nicht belegter Kanal / Adresse 436,Unassigned RAM Address / Reserved Channel 436,,,,,
437,Freie RAM-Zelle / Reserviert,Nicht belegter Kanal / Adresse 437,Unassigned RAM Address / Reserved Channel 437,,,,,
438,Freie RAM-Zelle / Reserviert,Nicht belegter Kanal / Adresse 438,Unassigned RAM Address / Reserved Channel 438,,,,,
439,Freie RAM-Zelle / Reserviert,Nicht belegter Kanal / Adresse 439,Unassigned RAM Address / Reserved Channel 439,,,,,
440,Freie RAM-Zelle / Reserviert,Nicht belegter Kanal / Adresse 440,Unassigned RAM Address / Reserved Channel 440,,,,,
441,Freie RAM-Zelle / Reserviert,Nicht belegter Kanal / Adresse 441,Unassigned RAM Address / Reserved Channel 441,,,,,
442,Freie RAM-Zelle / Reserviert,Nicht belegter Kanal / Adresse 442,Unassigned RAM Address / Reserved Channel 442,,,,,
443,Freie RAM-Zelle / Reserviert,Nicht belegter Kanal / Adresse 443,Unassigned RAM Address / Reserved Channel 443,,,,,
444,Freie RAM-Zelle / Reserviert,Nicht belegter Kanal / Adresse 444,Unassigned RAM Address / Reserved Channel 444,,,,,
445,Freie RAM-Zelle / Reserviert,Nicht belegter Kanal / Adresse 445,Unassigned RAM Address / Reserved Channel 445,,,,,
446,Freie RAM-Zelle / Reserviert,Nicht belegter Kanal / Adresse 446,Unassigned RAM Address / Reserved Channel 446,,,,,
447,Freie RAM-Zelle / Reserviert,Nicht belegter Kanal / Adresse 447,Unassigned RAM Address / Reserved Channel 447,,,,,
448,Freie RAM-Zelle / Reserviert,Nicht belegter Kanal / Adresse 448,Unassigned RAM Address / Reserved Channel 448,,,,,
449,Freie RAM-Zelle / Reserviert,Nicht belegter Kanal / Adresse 449,Unassigned RAM Address / Reserved Channel 449,,,,,
450,Freie RAM-Zelle / Reserviert,Nicht belegter Kanal / Adresse 450,Unassigned RAM Address / Reserved Channel 450,,,,,
451,Freie RAM-Zelle / Reserviert,Nicht belegter Kanal / Adresse 451,Unassigned RAM Address / Reserved Channel 451,,,,,
452,Freie RAM-Zelle / Reserviert,Nicht belegter Kanal / Adresse 452,Unassigned RAM Address / Reserved Channel 452,,,,,
453,Freie RAM-Zelle / Reserviert,Nicht belegter Kanal / Adresse 453,Unassigned RAM Address / Reserved Channel 453,,,,,
454,Freie RAM-Zelle / Reserviert,Nicht belegter Kanal / Adresse 454,Unassigned RAM Address / Reserved Channel 454,,,,,
455,Freie RAM-Zelle / Reserviert,Nicht belegter Kanal / Adresse 455,Unassigned RAM Address / Reserved Channel 455,,,,,
456,Freie RAM-Zelle / Reserviert,Nicht belegter Kanal / Adresse 456,Unassigned RAM Address / Reserved Channel 456,,,,,
457,Freie RAM-Zelle / Reserviert,Nicht belegter Kanal / Adresse 457,Unassigned RAM Address / Reserved Channel 457,,,,,
458,Freie RAM-Zelle / Reserviert,Nicht belegter Kanal / Adresse 458,Unassigned RAM Address / Reserved Channel 458,,,,,
459,Freie RAM-Zelle / Reserviert,Nicht belegter Kanal / Adresse 459,Unassigned RAM Address / Reserved Channel 459,,,,,
460,Freie RAM-Zelle / Reserviert,Nicht belegter Kanal / Adresse 460,Unassigned RAM Address / Reserved Channel 460,,,,,
461,Freie RAM-Zelle / Reserviert,Nicht belegter Kanal / Adresse 461,Unassigned RAM Address / Reserved Channel 461,,,,,
462,Freie RAM-Zelle / Reserviert,Nicht belegter Kanal / Adresse 462,Unassigned RAM Address / Reserved Channel 462,,,,,
463,Freie RAM-Zelle / Reserviert,Nicht belegter Kanal / Adresse 463,Unassigned RAM Address / Reserved Channel 463,,,,,
464,Freie RAM-Zelle / Reserviert,Nicht belegter Kanal / Adresse 464,Unassigned RAM Address / Reserved Channel 464,,,,,
465,Freie RAM-Zelle / Reserviert,Nicht belegter Kanal / Adresse 465,Unassigned RAM Address / Reserved Channel 465,,,,,
466,Freie RAM-Zelle / Reserviert,Nicht belegter Kanal / Adresse 466,Unassigned RAM Address / Reserved Channel 466,,,,,
467,Freie RAM-Zelle / Reserviert,Nicht belegter Kanal / Adresse 467,Unassigned RAM Address / Reserved Channel 467,,,,,
468,Freie RAM-Zelle / Reserviert,Nicht belegter Kanal / Adresse 468,Unassigned RAM Address / Reserved Channel 468,,,,,
469,Freie RAM-Zelle / Reserviert,Nicht belegter Kanal / Adresse 469,Unassigned RAM Address / Reserved Channel 469,,,,,
470,Freie RAM-Zelle / Reserviert,Nicht belegter Kanal / Adresse 470,Unassigned RAM Address / Reserved Channel 470,,,,,
471,Freie RAM-Zelle / Reserviert,Nicht belegter Kanal / Adresse 471,Unassigned RAM Address / Reserved Channel 471,,,,,
472,Freie RAM-Zelle / Reserviert,Nicht belegter Kanal / Adresse 472,Unassigned RAM Address / Reserved Channel 472,,,,,
473,Freie RAM-Zelle / Reserviert,Nicht belegter Kanal / Adresse 473,Unassigned RAM Address / Reserved Channel 473,,,,,
474,Freie RAM-Zelle / Reserviert,Nicht belegter Kanal / Adresse 474,Unassigned RAM Address / Reserved Channel 474,,,,,
475,Freie RAM-Zelle / Reserviert,Nicht belegter Kanal / Adresse 475,Unassigned RAM Address / Reserved Channel 475,,,,,
476,Freie RAM-Zelle / Reserviert,Nicht belegter Kanal / Adresse 476,Unassigned RAM Address / Reserved Channel 476,,,,,
477,Freie RAM-Zelle / Reserviert,Nicht belegter Kanal / Adresse 477,Unassigned RAM Address / Reserved Channel 477,,,,,
478,Freie RAM-Zelle / Reserviert,Nicht belegter Kanal / Adresse 478,Unassigned RAM Address / Reserved Channel 478,,,,,
479,Freie RAM-Zelle / Reserviert,Nicht belegter Kanal / Adresse 479,Unassigned RAM Address / Reserved Channel 479,,,,,
480,Freie RAM-Zelle / Reserviert,Nicht belegter Kanal / Adresse 480,Unassigned RAM Address / Reserved Channel 480,,,,,
481,Freie RAM-Zelle / Reserviert,Nicht belegter Kanal / Adresse 481,Unassigned RAM Address / Reserved Channel 481,,,,,
482,Freie RAM-Zelle / Reserviert,Nicht belegter Kanal / Adresse 482,Unassigned RAM Address / Reserved Channel 482,,,,,
483,Freie RAM-Zelle / Reserviert,Nicht belegter Kanal / Adresse 483,Unassigned RAM Address / Reserved Channel 483,,,,,
484,Freie RAM-Zelle / Reserviert,Nicht belegter Kanal / Adresse 484,Unassigned RAM Address / Reserved Channel 484,,,,,
485,Freie RAM-Zelle / Reserviert,Nicht belegter Kanal / Adresse 485,Unassigned RAM Address / Reserved Channel 485,,,,,
486,Freie RAM-Zelle / Reserviert,Nicht belegter Kanal / Adresse 486,Unassigned RAM Address / Reserved Channel 486,,,,,
487,Freie RAM-Zelle / Reserviert,Nicht belegter Kanal / Adresse 487,Unassigned RAM Address / Reserved Channel 487,,,,,
488,Freie RAM-Zelle / Reserviert,Nicht belegter Kanal / Adresse 488,Unassigned RAM Address / Reserved Channel 488,,,,,
489,Freie RAM-Zelle / Reserviert,Nicht belegter Kanal / Adresse 489,Unassigned RAM Address / Reserved Channel 489,,,,,
490,Freie RAM-Zelle / Reserviert,Nicht belegter Kanal / Adresse 490,Unassigned RAM Address / Reserved Channel 490,,,,,
491,Freie RAM-Zelle / Reserviert,Nicht belegter Kanal / Adresse 491,Unassigned RAM Address / Reserved Channel 491,,,,,
492,Freie RAM-Zelle / Reserviert,Nicht belegter Kanal / Adresse 492,Unassigned RAM Address / Reserved Channel 492,,,,,
493,Freie RAM-Zelle / Reserviert,Nicht belegter Kanal / Adresse 493,Unassigned RAM Address / Reserved Channel 493,,,,,
494,Freie RAM-Zelle / Reserviert,Nicht belegter Kanal / Adresse 494,Unassigned RAM Address / Reserved Channel 494,,,,,
495,Freie RAM-Zelle / Reserviert,Nicht belegter Kanal / Adresse 495,Unassigned RAM Address / Reserved Channel 495,,,,,
496,Freie RAM-Zelle / Reserviert,Nicht belegter Kanal / Adresse 496,Unassigned RAM Address / Reserved Channel 496,,,,,
497,Freie RAM-Zelle / Reserviert,Nicht belegter Kanal / Adresse 497,Unassigned RAM Address / Reserved Channel 497,,,,,
498,Freie RAM-Zelle / Reserviert,Nicht belegter Kanal / Adresse 498,Unassigned RAM Address / Reserved Channel 498,,,,,
499,Freie RAM-Zelle / Reserviert,Nicht belegter Kanal / Adresse 499,Unassigned RAM Address / Reserved Channel 499,,,,,
500,Freie RAM-Zelle / Reserviert,Nicht belegter Kanal / Adresse 500,Unassigned RAM Address / Reserved Channel 500,,,,,
501,Freie RAM-Zelle / Reserviert,Nicht belegter Kanal / Adresse 501,Unassigned RAM Address / Reserved Channel 501,,,,,
502,Freie RAM-Zelle / Reserviert,Nicht belegter Kanal / Adresse 502,Unassigned RAM Address / Reserved Channel 502,,,,,
503,Freie RAM-Zelle / Reserviert,Nicht belegter Kanal / Adresse 503,Unassigned RAM Address / Reserved Channel 503,,,,,
504,Freie RAM-Zelle / Reserviert,Nicht belegter Kanal / Adresse 504,Unassigned RAM Address / Reserved Channel 504,,,,,
505,Freie RAM-Zelle / Reserviert,Nicht belegter Kanal / Adresse 505,Unassigned RAM Address / Reserved Channel 505,,,,,
506,Freie RAM-Zelle / Reserviert,Nicht belegter Kanal / Adresse 506,Unassigned RAM Address / Reserved Channel 506,,,,,
507,Freie RAM-Zelle / Reserviert,Nicht belegter Kanal / Adresse 507,Unassigned RAM Address / Reserved Channel 507,,,,,
508,Freie RAM-Zelle / Reserviert,Nicht belegter Kanal / Adresse 508,Unassigned RAM Address / Reserved Channel 508,,,,,
509,Freie RAM-Zelle / Reserviert,Nicht belegter Kanal / Adresse 509,Unassigned RAM Address / Reserved Channel 509,,,,,
510,Freie RAM-Zelle / Reserviert,Nicht belegter Kanal / Adresse 510,Unassigned RAM Address / Reserved Channel 510,,,,,
511,Freie RAM-Zelle / Reserviert,Nicht belegter Kanal / Adresse 511,Unassigned RAM Address / Reserved Channel 511,,,,,
512,Freie RAM-Zelle / Reserviert,Nicht belegter Kanal / Adresse 512,Unassigned RAM Address / Reserved Channel 512,,,,,
513,Freie RAM-Zelle / Reserviert,Nicht belegter Kanal / Adresse 513,Unassigned RAM Address / Reserved Channel 513,,,,,
514,Freie RAM-Zelle / Reserviert,Nicht belegter Kanal / Adresse 514,Unassigned RAM Address / Reserved Channel 514,,,,,
515,Freie RAM-Zelle / Reserviert,Nicht belegter Kanal / Adresse 515,Unassigned RAM Address / Reserved Channel 515,,,,,
516,Freie RAM-Zelle / Reserviert,Nicht belegter Kanal / Adresse 516,Unassigned RAM Address / Reserved Channel 516,,,,,
517,Freie RAM-Zelle / Reserviert,Nicht belegter Kanal / Adresse 517,Unassigned RAM Address / Reserved Channel 517,,,,,
518,Freie RAM-Zelle / Reserviert,Nicht belegter Kanal / Adresse 518,Unassigned RAM Address / Reserved Channel 518,,,,,
519,Freie RAM-Zelle / Reserviert,Nicht belegter Kanal / Adresse 519,Unassigned RAM Address / Reserved Channel 519,,,,,
520,Freie RAM-Zelle / Reserviert,Nicht belegter Kanal / Adresse 520,Unassigned RAM Address / Reserved Channel 520,,,,,
521,Freie RAM-Zelle / Reserviert,Nicht belegter Kanal / Adresse 521,Unassigned RAM Address / Reserved Channel 521,,,,,
522,Freie RAM-Zelle / Reserviert,Nicht belegter Kanal / Adresse 522,Unassigned RAM Address / Reserved Channel 522,,,,,
523,Freie RAM-Zelle / Reserviert,Nicht belegter Kanal / Adresse 523,Unassigned RAM Address / Reserved Channel 523,,,,,
524,Freie RAM-Zelle / Reserviert,Nicht belegter Kanal / Adresse 524,Unassigned RAM Address / Reserved Channel 524,,,,,
525,Freie RAM-Zelle / Reserviert,Nicht belegter Kanal / Adresse 525,Unassigned RAM Address / Reserved Channel 525,,,,,
526,Freie RAM-Zelle / Reserviert,Nicht belegter Kanal / Adresse 526,Unassigned RAM Address / Reserved Channel 526,,,,,
527,Freie RAM-Zelle / Reserviert,Nicht belegter Kanal / Adresse 527,Unassigned RAM Address / Reserved Channel 527,,,,,
528,Freie RAM-Zelle / Reserviert,Nicht belegter Kanal / Adresse 528,Unassigned RAM Address / Reserved Channel 528,,,,,
529,Freie RAM-Zelle / Reserviert,Nicht belegter Kanal / Adresse 529,Unassigned RAM Address / Reserved Channel 529,,,,,
530,Freie RAM-Zelle / Reserviert,Nicht belegter Kanal / Adresse 530,Unassigned RAM Address / Reserved Channel 530,,,,,
531,Freie RAM-Zelle / Reserviert,Nicht belegter Kanal / Adresse 531,Unassigned RAM Address / Reserved Channel 531,,,,,
532,Freie RAM-Zelle / Reserviert,Nicht belegter Kanal / Adresse 532,Unassigned RAM Address / Reserved Channel 532,,,,,
533,Freie RAM-Zelle / Reserviert,Nicht belegter Kanal / Adresse 533,Unassigned RAM Address / Reserved Channel 533,,,,,
534,Freie RAM-Zelle / Reserviert,Nicht belegter Kanal / Adresse 534,Unassigned RAM Address / Reserved Channel 534,,,,,
535,Freie RAM-Zelle / Reserviert,Nicht belegter Kanal / Adresse 535,Unassigned RAM Address / Reserved Channel 535,,,,,
536,Freie RAM-Zelle / Reserviert,Nicht belegter Kanal / Adresse 536,Unassigned RAM Address / Reserved Channel 536,,,,,
537,Freie RAM-Zelle / Reserviert,Nicht belegter Kanal / Adresse 537,Unassigned RAM Address / Reserved Channel 537,,,,,
538,Freie RAM-Zelle / Reserviert,Nicht belegter Kanal / Adresse 538,Unassigned RAM Address / Reserved Channel 538,,,,,
539,Freie RAM-Zelle / Reserviert,Nicht belegter Kanal / Adresse 539,Unassigned RAM Address / Reserved Channel 539,,,,,
540,Freie RAM-Zelle / Reserviert,Nicht belegter Kanal / Adresse 540,Unassigned RAM Address / Reserved Channel 540,,,,,
541,Freie RAM-Zelle / Reserviert,Nicht belegter Kanal / Adresse 541,Unassigned RAM Address / Reserved Channel 541,,,,,
542,Freie RAM-Zelle / Reserviert,Nicht belegter Kanal / Adresse 542,Unassigned RAM Address / Reserved Channel 542,,,,,
543,Freie RAM-Zelle / Reserviert,Nicht belegter Kanal / Adresse 543,Unassigned RAM Address / Reserved Channel 543,,,,,
544,Freie RAM-Zelle / Reserviert,Nicht belegter Kanal / Adresse 544,Unassigned RAM Address / Reserved Channel 544,,,,,
545,Freie RAM-Zelle / Reserviert,Nicht belegter Kanal / Adresse 545,Unassigned RAM Address / Reserved Channel 545,,,,,
546,Freie RAM-Zelle / Reserviert,Nicht belegter Kanal / Adresse 546,Unassigned RAM Address / Reserved Channel 546,,,,,
547,Freie RAM-Zelle / Reserviert,Nicht belegter Kanal / Adresse 547,Unassigned RAM Address / Reserved Channel 547,,,,,
548,Freie RAM-Zelle / Reserviert,Nicht belegter Kanal / Adresse 548,Unassigned RAM Address / Reserved Channel 548,,,,,
549,Freie RAM-Zelle / Reserviert,Nicht belegter Kanal / Adresse 549,Unassigned RAM Address / Reserved Channel 549,,,,,
550,Freie RAM-Zelle / Reserviert,Nicht belegter Kanal / Adresse 550,Unassigned RAM Address / Reserved Channel 550,,,,,
551,Freie RAM-Zelle / Reserviert,Nicht belegter Kanal / Adresse 551,Unassigned RAM Address / Reserved Channel 551,,,,,
552,Freie RAM-Zelle / Reserviert,Nicht belegter Kanal / Adresse 552,Unassigned RAM Address / Reserved Channel 552,,,,,
553,Freie RAM-Zelle / Reserviert,Nicht belegter Kanal / Adresse 553,Unassigned RAM Address / Reserved Channel 553,,,,,
554,Freie RAM-Zelle / Reserviert,Nicht belegter Kanal / Adresse 554,Unassigned RAM Address / Reserved Channel 554,,,,,
555,Freie RAM-Zelle / Reserviert,Nicht belegter Kanal / Adresse 555,Unassigned RAM Address / Reserved Channel 555,,,,,
556,Freie RAM-Zelle / Reserviert,Nicht belegter Kanal / Adresse 556,Unassigned RAM Address / Reserved Channel 556,,,,,
557,Freie RAM-Zelle / Reserviert,Nicht belegter Kanal / Adresse 557,Unassigned RAM Address / Reserved Channel 557,,,,,
558,Freie RAM-Zelle / Reserviert,Nicht belegter Kanal / Adresse 558,Unassigned RAM Address / Reserved Channel 558,,,,,
559,Freie RAM-Zelle / Reserviert,Nicht belegter Kanal / Adresse 559,Unassigned RAM Address / Reserved Channel 559,,,,,
560,Freie RAM-Zelle / Reserviert,Nicht belegter Kanal / Adresse 560,Unassigned RAM Address / Reserved Channel 560,,,,,
561,Freie RAM-Zelle / Reserviert,Nicht belegter Kanal / Adresse 561,Unassigned RAM Address / Reserved Channel 561,,,,,
562,Freie RAM-Zelle / Reserviert,Nicht belegter Kanal / Adresse 562,Unassigned RAM Address / Reserved Channel 562,,,,,
563,Freie RAM-Zelle / Reserviert,Nicht belegter Kanal / Adresse 563,Unassigned RAM Address / Reserved Channel 563,,,,,
564,Freie RAM-Zelle / Reserviert,Nicht belegter Kanal / Adresse 564,Unassigned RAM Address / Reserved Channel 564,,,,,
565,Freie RAM-Zelle / Reserviert,Nicht belegter Kanal / Adresse 565,Unassigned RAM Address / Reserved Channel 565,,,,,
566,Freie RAM-Zelle / Reserviert,Nicht belegter Kanal / Adresse 566,Unassigned RAM Address / Reserved Channel 566,,,,,
567,Freie RAM-Zelle / Reserviert,Nicht belegter Kanal / Adresse 567,Unassigned RAM Address / Reserved Channel 567,,,,,
568,Freie RAM-Zelle / Reserviert,Nicht belegter Kanal / Adresse 568,Unassigned RAM Address / Reserved Channel 568,,,,,
569,Freie RAM-Zelle / Reserviert,Nicht belegter Kanal / Adresse 569,Unassigned RAM Address / Reserved Channel 569,,,,,
570,Freie RAM-Zelle / Reserviert,Nicht belegter Kanal / Adresse 570,Unassigned RAM Address / Reserved Channel 570,,,,,
571,Freie RAM-Zelle / Reserviert,Nicht belegter Kanal / Adresse 571,Unassigned RAM Address / Reserved Channel 571,,,,,
572,Freie RAM-Zelle / Reserviert,Nicht belegter Kanal / Adresse 572,Unassigned RAM Address / Reserved Channel 572,,,,,
573,Freie RAM-Zelle / Reserviert,Nicht belegter Kanal / Adresse 573,Unassigned RAM Address / Reserved Channel 573,,,,,
574,Freie RAM-Zelle / Reserviert,Nicht belegter Kanal / Adresse 574,Unassigned RAM Address / Reserved Channel 574,,,,,
575,Freie RAM-Zelle / Reserviert,Nicht belegter Kanal / Adresse 575,Unassigned RAM Address / Reserved Channel 575,,,,,
576,Freie RAM-Zelle / Reserviert,Nicht belegter Kanal / Adresse 576,Unassigned RAM Address / Reserved Channel 576,,,,,
577,Freie RAM-Zelle / Reserviert,Nicht belegter Kanal / Adresse 577,Unassigned RAM Address / Reserved Channel 577,,,,,
578,Freie RAM-Zelle / Reserviert,Nicht belegter Kanal / Adresse 578,Unassigned RAM Address / Reserved Channel 578,,,,,
579,Freie RAM-Zelle / Reserviert,Nicht belegter Kanal / Adresse 579,Unassigned RAM Address / Reserved Channel 579,,,,,
580,Freie RAM-Zelle / Reserviert,Nicht belegter Kanal / Adresse 580,Unassigned RAM Address / Reserved Channel 580,,,,,
581,Freie RAM-Zelle / Reserviert,Nicht belegter Kanal / Adresse 581,Unassigned RAM Address / Reserved Channel 581,,,,,
582,Freie RAM-Zelle / Reserviert,Nicht belegter Kanal / Adresse 582,Unassigned RAM Address / Reserved Channel 582,,,,,
583,Freie RAM-Zelle / Reserviert,Nicht belegter Kanal / Adresse 583,Unassigned RAM Address / Reserved Channel 583,,,,,
584,Freie RAM-Zelle / Reserviert,Nicht belegter Kanal / Adresse 584,Unassigned RAM Address / Reserved Channel 584,,,,,
585,Freie RAM-Zelle / Reserviert,Nicht belegter Kanal / Adresse 585,Unassigned RAM Address / Reserved Channel 585,,,,,
586,Freie RAM-Zelle / Reserviert,Nicht belegter Kanal / Adresse 586,Unassigned RAM Address / Reserved Channel 586,,,,,
587,Freie RAM-Zelle / Reserviert,Nicht belegter Kanal / Adresse 587,Unassigned RAM Address / Reserved Channel 587,,,,,
588,Freie RAM-Zelle / Reserviert,Nicht belegter Kanal / Adresse 588,Unassigned RAM Address / Reserved Channel 588,,,,,
589,Freie RAM-Zelle / Reserviert,Nicht belegter Kanal / Adresse 589,Unassigned RAM Address / Reserved Channel 589,,,,,
590,Freie RAM-Zelle / Reserviert,Nicht belegter Kanal / Adresse 590,Unassigned RAM Address / Reserved Channel 590,,,,,
591,Freie RAM-Zelle / Reserviert,Nicht belegter Kanal / Adresse 591,Unassigned RAM Address / Reserved Channel 591,,,,,
592,Freie RAM-Zelle / Reserviert,Nicht belegter Kanal / Adresse 592,Unassigned RAM Address / Reserved Channel 592,,,,,
593,Freie RAM-Zelle / Reserviert,Nicht belegter Kanal / Adresse 593,Unassigned RAM Address / Reserved Channel 593,,,,,
594,Freie RAM-Zelle / Reserviert,Nicht belegter Kanal / Adresse 594,Unassigned RAM Address / Reserved Channel 594,,,,,
595,Freie RAM-Zelle / Reserviert,Nicht belegter Kanal / Adresse 595,Unassigned RAM Address / Reserved Channel 595,,,,,
596,Freie RAM-Zelle / Reserviert,Nicht belegter Kanal / Adresse 596,Unassigned RAM Address / Reserved Channel 596,,,,,
597,Freie RAM-Zelle / Reserviert,Nicht belegter Kanal / Adresse 597,Unassigned RAM Address / Reserved Channel 597,,,,,
598,Freie RAM-Zelle / Reserviert,Nicht belegter Kanal / Adresse 598,Unassigned RAM Address / Reserved Channel 598,,,,,
599,Freie RAM-Zelle / Reserviert,Nicht belegter Kanal / Adresse 599,Unassigned RAM Address / Reserved Channel 599,,,,,
600,Freie RAM-Zelle / Reserviert,Nicht belegter Kanal / Adresse 600,Unassigned RAM Address / Reserved Channel 600,,,,,
601,Freie RAM-Zelle / Reserviert,Nicht belegter Kanal / Adresse 601,Unassigned RAM Address / Reserved Channel 601,,,,,
602,Freie RAM-Zelle / Reserviert,Nicht belegter Kanal / Adresse 602,Unassigned RAM Address / Reserved Channel 602,,,,,
603,Freie RAM-Zelle / Reserviert,Nicht belegter Kanal / Adresse 603,Unassigned RAM Address / Reserved Channel 603,,,,,
604,Freie RAM-Zelle / Reserviert,Nicht belegter Kanal / Adresse 604,Unassigned RAM Address / Reserved Channel 604,,,,,
605,Freie RAM-Zelle / Reserviert,Nicht belegter Kanal / Adresse 605,Unassigned RAM Address / Reserved Channel 605,,,,,
606,Freie RAM-Zelle / Reserviert,Nicht belegter Kanal / Adresse 606,Unassigned RAM Address / Reserved Channel 606,,,,,
607,Freie RAM-Zelle / Reserviert,Nicht belegter Kanal / Adresse 607,Unassigned RAM Address / Reserved Channel 607,,,,,
608,Freie RAM-Zelle / Reserviert,Nicht belegter Kanal / Adresse 608,Unassigned RAM Address / Reserved Channel 608,,,,,
609,Freie RAM-Zelle / Reserviert,Nicht belegter Kanal / Adresse 609,Unassigned RAM Address / Reserved Channel 609,,,,,
610,Freie RAM-Zelle / Reserviert,Nicht belegter Kanal / Adresse 610,Unassigned RAM Address / Reserved Channel 610,,,,,
611,Freie RAM-Zelle / Reserviert,Nicht belegter Kanal / Adresse 611,Unassigned RAM Address / Reserved Channel 611,,,,,
612,Freie RAM-Zelle / Reserviert,Nicht belegter Kanal / Adresse 612,Unassigned RAM Address / Reserved Channel 612,,,,,
613,Freie RAM-Zelle / Reserviert,Nicht belegter Kanal / Adresse 613,Unassigned RAM Address / Reserved Channel 613,,,,,
614,Freie RAM-Zelle / Reserviert,Nicht belegter Kanal / Adresse 614,Unassigned RAM Address / Reserved Channel 614,,,,,
615,Freie RAM-Zelle / Reserviert,Nicht belegter Kanal / Adresse 615,Unassigned RAM Address / Reserved Channel 615,,,,,
616,Freie RAM-Zelle / Reserviert,Nicht belegter Kanal / Adresse 616,Unassigned RAM Address / Reserved Channel 616,,,,,
617,Freie RAM-Zelle / Reserviert,Nicht belegter Kanal / Adresse 617,Unassigned RAM Address / Reserved Channel 617,,,,,
618,Freie RAM-Zelle / Reserviert,Nicht belegter Kanal / Adresse 618,Unassigned RAM Address / Reserved Channel 618,,,,,
619,Freie RAM-Zelle / Reserviert,Nicht belegter Kanal / Adresse 619,Unassigned RAM Address / Reserved Channel 619,,,,,
620,Freie RAM-Zelle / Reserviert,Nicht belegter Kanal / Adresse 620,Unassigned RAM Address / Reserved Channel 620,,,,,
621,Freie RAM-Zelle / Reserviert,Nicht belegter Kanal / Adresse 621,Unassigned RAM Address / Reserved Channel 621,,,,,
622,Freie RAM-Zelle / Reserviert,Nicht belegter Kanal / Adresse 622,Unassigned RAM Address / Reserved Channel 622,,,,,
623,Freie RAM-Zelle / Reserviert,Nicht belegter Kanal / Adresse 623,Unassigned RAM Address / Reserved Channel 623,,,,,
624,Freie RAM-Zelle / Reserviert,Nicht belegter Kanal / Adresse 624,Unassigned RAM Address / Reserved Channel 624,,,,,
625,Freie RAM-Zelle / Reserviert,Nicht belegter Kanal / Adresse 625,Unassigned RAM Address / Reserved Channel 625,,,,,
626,Freie RAM-Zelle / Reserviert,Nicht belegter Kanal / Adresse 626,Unassigned RAM Address / Reserved Channel 626,,,,,
627,Freie RAM-Zelle / Reserviert,Nicht belegter Kanal / Adresse 627,Unassigned RAM Address / Reserved Channel 627,,,,,
628,Freie RAM-Zelle / Reserviert,Nicht belegter Kanal / Adresse 628,Unassigned RAM Address / Reserved Channel 628,,,,,
629,Freie RAM-Zelle / Reserviert,Nicht belegter Kanal / Adresse 629,Unassigned RAM Address / Reserved Channel 629,,,,,
630,Freie RAM-Zelle / Reserviert,Nicht belegter Kanal / Adresse 630,Unassigned RAM Address / Reserved Channel 630,,,,,
631,Freie RAM-Zelle / Reserviert,Nicht belegter Kanal / Adresse 631,Unassigned RAM Address / Reserved Channel 631,,,,,
632,Freie RAM-Zelle / Reserviert,Nicht belegter Kanal / Adresse 632,Unassigned RAM Address / Reserved Channel 632,,,,,
633,Freie RAM-Zelle / Reserviert,Nicht belegter Kanal / Adresse 633,Unassigned RAM Address / Reserved Channel 633,,,,,
634,Freie RAM-Zelle / Reserviert,Nicht belegter Kanal / Adresse 634,Unassigned RAM Address / Reserved Channel 634,,,,,
635,Freie RAM-Zelle / Reserviert,Nicht belegter Kanal / Adresse 635,Unassigned RAM Address / Reserved Channel 635,,,,,
636,Freie RAM-Zelle / Reserviert,Nicht belegter Kanal / Adresse 636,Unassigned RAM Address / Reserved Channel 636,,,,,
637,Freie RAM-Zelle / Reserviert,Nicht belegter Kanal / Adresse 637,Unassigned RAM Address / Reserved Channel 637,,,,,
638,Freie RAM-Zelle / Reserviert,Nicht belegter Kanal / Adresse 638,Unassigned RAM Address / Reserved Channel 638,,,,,
639,Freie RAM-Zelle / Reserviert,Nicht belegter Kanal / Adresse 639,Unassigned RAM Address / Reserved Channel 639,,,,,
640,Freie RAM-Zelle / Reserviert,Nicht belegter Kanal / Adresse 640,Unassigned RAM Address / Reserved Channel 640,,,,,
641,Freie RAM-Zelle / Reserviert,Nicht belegter Kanal / Adresse 641,Unassigned RAM Address / Reserved Channel 641,,,,,
642,Freie RAM-Zelle / Reserviert,Nicht belegter Kanal / Adresse 642,Unassigned RAM Address / Reserved Channel 642,,,,,
643,Freie RAM-Zelle / Reserviert,Nicht belegter Kanal / Adresse 643,Unassigned RAM Address / Reserved Channel 643,,,,,
644,Freie RAM-Zelle / Reserviert,Nicht belegter Kanal / Adresse 644,Unassigned RAM Address / Reserved Channel 644,,,,,
645,Freie RAM-Zelle / Reserviert,Nicht belegter Kanal / Adresse 645,Unassigned RAM Address / Reserved Channel 645,,,,,
646,Freie RAM-Zelle / Reserviert,Nicht belegter Kanal / Adresse 646,Unassigned RAM Address / Reserved Channel 646,,,,,
647,Freie RAM-Zelle / Reserviert,Nicht belegter Kanal / Adresse 647,Unassigned RAM Address / Reserved Channel 647,,,,,
648,Freie RAM-Zelle / Reserviert,Nicht belegter Kanal / Adresse 648,Unassigned RAM Address / Reserved Channel 648,,,,,
649,Freie RAM-Zelle / Reserviert,Nicht belegter Kanal / Adresse 649,Unassigned RAM Address / Reserved Channel 649,,,,,
650,Freie RAM-Zelle / Reserviert,Nicht belegter Kanal / Adresse 650,Unassigned RAM Address / Reserved Channel 650,,,,,
651,Freie RAM-Zelle / Reserviert,Nicht belegter Kanal / Adresse 651,Unassigned RAM Address / Reserved Channel 651,,,,,
652,Freie RAM-Zelle / Reserviert,Nicht belegter Kanal / Adresse 652,Unassigned RAM Address / Reserved Channel 652,,,,,
653,Freie RAM-Zelle / Reserviert,Nicht belegter Kanal / Adresse 653,Unassigned RAM Address / Reserved Channel 653,,,,,
654,Freie RAM-Zelle / Reserviert,Nicht belegter Kanal / Adresse 654,Unassigned RAM Address / Reserved Channel 654,,,,,
655,Freie RAM-Zelle / Reserviert,Nicht belegter Kanal / Adresse 655,Unassigned RAM Address / Reserved Channel 655,,,,,
656,Freie RAM-Zelle / Reserviert,Nicht belegter Kanal / Adresse 656,Unassigned RAM Address / Reserved Channel 656,,,,,
657,Freie RAM-Zelle / Reserviert,Nicht belegter Kanal / Adresse 657,Unassigned RAM Address / Reserved Channel 657,,,,,
658,Freie RAM-Zelle / Reserviert,Nicht belegter Kanal / Adresse 658,Unassigned RAM Address / Reserved Channel 658,,,,,
659,Freie RAM-Zelle / Reserviert,Nicht belegter Kanal / Adresse 659,Unassigned RAM Address / Reserved Channel 659,,,,,
660,Freie RAM-Zelle / Reserviert,Nicht belegter Kanal / Adresse 660,Unassigned RAM Address / Reserved Channel 660,,,,,
661,Freie RAM-Zelle / Reserviert,Nicht belegter Kanal / Adresse 661,Unassigned RAM Address / Reserved Channel 661,,,,,
662,Freie RAM-Zelle / Reserviert,Nicht belegter Kanal / Adresse 662,Unassigned RAM Address / Reserved Channel 662,,,,,
663,Freie RAM-Zelle / Reserviert,Nicht belegter Kanal / Adresse 663,Unassigned RAM Address / Reserved Channel 663,,,,,
664,Freie RAM-Zelle / Reserviert,Nicht belegter Kanal / Adresse 664,Unassigned RAM Address / Reserved Channel 664,,,,,
665,Freie RAM-Zelle / Reserviert,Nicht belegter Kanal / Adresse 665,Unassigned RAM Address / Reserved Channel 665,,,,,
666,Freie RAM-Zelle / Reserviert,Nicht belegter Kanal / Adresse 666,Unassigned RAM Address / Reserved Channel 666,,,,,
667,Freie RAM-Zelle / Reserviert,Nicht belegter Kanal / Adresse 667,Unassigned RAM Address / Reserved Channel 667,,,,,
668,Freie RAM-Zelle / Reserviert,Nicht belegter Kanal / Adresse 668,Unassigned RAM Address / Reserved Channel 668,,,,,
669,Freie RAM-Zelle / Reserviert,Nicht belegter Kanal / Adresse 669,Unassigned RAM Address / Reserved Channel 669,,,,,
670,Freie RAM-Zelle / Reserviert,Nicht belegter Kanal / Adresse 670,Unassigned RAM Address / Reserved Channel 670,,,,,
671,Freie RAM-Zelle / Reserviert,Nicht belegter Kanal / Adresse 671,Unassigned RAM Address / Reserved Channel 671,,,,,
672,Freie RAM-Zelle / Reserviert,Nicht belegter Kanal / Adresse 672,Unassigned RAM Address / Reserved Channel 672,,,,,
673,Freie RAM-Zelle / Reserviert,Nicht belegter Kanal / Adresse 673,Unassigned RAM Address / Reserved Channel 673,,,,,
674,Freie RAM-Zelle / Reserviert,Nicht belegter Kanal / Adresse 674,Unassigned RAM Address / Reserved Channel 674,,,,,
675,Freie RAM-Zelle / Reserviert,Nicht belegter Kanal / Adresse 675,Unassigned RAM Address / Reserved Channel 675,,,,,
676,Freie RAM-Zelle / Reserviert,Nicht belegter Kanal / Adresse 676,Unassigned RAM Address / Reserved Channel 676,,,,,
677,Freie RAM-Zelle / Reserviert,Nicht belegter Kanal / Adresse 677,Unassigned RAM Address / Reserved Channel 677,,,,,
678,Freie RAM-Zelle / Reserviert,Nicht belegter Kanal / Adresse 678,Unassigned RAM Address / Reserved Channel 678,,,,,
679,Freie RAM-Zelle / Reserviert,Nicht belegter Kanal / Adresse 679,Unassigned RAM Address / Reserved Channel 679,,,,,
680,Freie RAM-Zelle / Reserviert,Nicht belegter Kanal / Adresse 680,Unassigned RAM Address / Reserved Channel 680,,,,,
681,Freie RAM-Zelle / Reserviert,Nicht belegter Kanal / Adresse 681,Unassigned RAM Address / Reserved Channel 681,,,,,
682,Freie RAM-Zelle / Reserviert,Nicht belegter Kanal / Adresse 682,Unassigned RAM Address / Reserved Channel 682,,,,,
683,Freie RAM-Zelle / Reserviert,Nicht belegter Kanal / Adresse 683,Unassigned RAM Address / Reserved Channel 683,,,,,
684,Freie RAM-Zelle / Reserviert,Nicht belegter Kanal / Adresse 684,Unassigned RAM Address / Reserved Channel 684,,,,,
685,Freie RAM-Zelle / Reserviert,Nicht belegter Kanal / Adresse 685,Unassigned RAM Address / Reserved Channel 685,,,,,
686,Freie RAM-Zelle / Reserviert,Nicht belegter Kanal / Adresse 686,Unassigned RAM Address / Reserved Channel 686,,,,,
687,Freie RAM-Zelle / Reserviert,Nicht belegter Kanal / Adresse 687,Unassigned RAM Address / Reserved Channel 687,,,,,
688,Freie RAM-Zelle / Reserviert,Nicht belegter Kanal / Adresse 688,Unassigned RAM Address / Reserved Channel 688,,,,,
689,Freie RAM-Zelle / Reserviert,Nicht belegter Kanal / Adresse 689,Unassigned RAM Address / Reserved Channel 689,,,,,
690,Freie RAM-Zelle / Reserviert,Nicht belegter Kanal / Adresse 690,Unassigned RAM Address / Reserved Channel 690,,,,,
691,Freie RAM-Zelle / Reserviert,Nicht belegter Kanal / Adresse 691,Unassigned RAM Address / Reserved Channel 691,,,,,
692,Freie RAM-Zelle / Reserviert,Nicht belegter Kanal / Adresse 692,Unassigned RAM Address / Reserved Channel 692,,,,,
693,Freie RAM-Zelle / Reserviert,Nicht belegter Kanal / Adresse 693,Unassigned RAM Address / Reserved Channel 693,,,,,
694,Freie RAM-Zelle / Reserviert,Nicht belegter Kanal / Adresse 694,Unassigned RAM Address / Reserved Channel 694,,,,,
695,Freie RAM-Zelle / Reserviert,Nicht belegter Kanal / Adresse 695,Unassigned RAM Address / Reserved Channel 695,,,,,
696,Freie RAM-Zelle / Reserviert,Nicht belegter Kanal / Adresse 696,Unassigned RAM Address / Reserved Channel 696,,,,,
697,Freie RAM-Zelle / Reserviert,Nicht belegter Kanal / Adresse 697,Unassigned RAM Address / Reserved Channel 697,,,,,
698,Freie RAM-Zelle / Reserviert,Nicht belegter Kanal / Adresse 698,Unassigned RAM Address / Reserved Channel 698,,,,,
699,Freie RAM-Zelle / Reserviert,Nicht belegter Kanal / Adresse 699,Unassigned RAM Address / Reserved Channel 699,,,,,
700,Freie RAM-Zelle / Reserviert,Nicht belegter Kanal / Adresse 700,Unassigned RAM Address / Reserved Channel 700,,,,,
701,Freie RAM-Zelle / Reserviert,Nicht belegter Kanal / Adresse 701,Unassigned RAM Address / Reserved Channel 701,,,,,
702,Freie RAM-Zelle / Reserviert,Nicht belegter Kanal / Adresse 702,Unassigned RAM Address / Reserved Channel 702,,,,,
703,Freie RAM-Zelle / Reserviert,Nicht belegter Kanal / Adresse 703,Unassigned RAM Address / Reserved Channel 703,,,,,
704,Freie RAM-Zelle / Reserviert,Nicht belegter Kanal / Adresse 704,Unassigned RAM Address / Reserved Channel 704,,,,,
705,Freie RAM-Zelle / Reserviert,Nicht belegter Kanal / Adresse 705,Unassigned RAM Address / Reserved Channel 705,,,,,
706,Freie RAM-Zelle / Reserviert,Nicht belegter Kanal / Adresse 706,Unassigned RAM Address / Reserved Channel 706,,,,,
707,Freie RAM-Zelle / Reserviert,Nicht belegter Kanal / Adresse 707,Unassigned RAM Address / Reserved Channel 707,,,,,
708,Freie RAM-Zelle / Reserviert,Nicht belegter Kanal / Adresse 708,Unassigned RAM Address / Reserved Channel 708,,,,,
709,Freie RAM-Zelle / Reserviert,Nicht belegter Kanal / Adresse 709,Unassigned RAM Address / Reserved Channel 709,,,,,
710,Freie RAM-Zelle / Reserviert,Nicht belegter Kanal / Adresse 710,Unassigned RAM Address / Reserved Channel 710,,,,,
711,Freie RAM-Zelle / Reserviert,Nicht belegter Kanal / Adresse 711,Unassigned RAM Address / Reserved Channel 711,,,,,
712,Freie RAM-Zelle / Reserviert,Nicht belegter Kanal / Adresse 712,Unassigned RAM Address / Reserved Channel 712,,,,,
713,Freie RAM-Zelle / Reserviert,Nicht belegter Kanal / Adresse 713,Unassigned RAM Address / Reserved Channel 713,,,,,
714,Freie RAM-Zelle / Reserviert,Nicht belegter Kanal / Adresse 714,Unassigned RAM Address / Reserved Channel 714,,,,,
715,Freie RAM-Zelle / Reserviert,Nicht belegter Kanal / Adresse 715,Unassigned RAM Address / Reserved Channel 715,,,,,
716,Freie RAM-Zelle / Reserviert,Nicht belegter Kanal / Adresse 716,Unassigned RAM Address / Reserved Channel 716,,,,,
717,Freie RAM-Zelle / Reserviert,Nicht belegter Kanal / Adresse 717,Unassigned RAM Address / Reserved Channel 717,,,,,
718,Freie RAM-Zelle / Reserviert,Nicht belegter Kanal / Adresse 718,Unassigned RAM Address / Reserved Channel 718,,,,,
719,Freie RAM-Zelle / Reserviert,Nicht belegter Kanal / Adresse 719,Unassigned RAM Address / Reserved Channel 719,,,,,
720,Freie RAM-Zelle / Reserviert,Nicht belegter Kanal / Adresse 720,Unassigned RAM Address / Reserved Channel 720,,,,,
721,Freie RAM-Zelle / Reserviert,Nicht belegter Kanal / Adresse 721,Unassigned RAM Address / Reserved Channel 721,,,,,
722,Freie RAM-Zelle / Reserviert,Nicht belegter Kanal / Adresse 722,Unassigned RAM Address / Reserved Channel 722,,,,,
723,Freie RAM-Zelle / Reserviert,Nicht belegter Kanal / Adresse 723,Unassigned RAM Address / Reserved Channel 723,,,,,
724,Freie RAM-Zelle / Reserviert,Nicht belegter Kanal / Adresse 724,Unassigned RAM Address / Reserved Channel 724,,,,,
725,Freie RAM-Zelle / Reserviert,Nicht belegter Kanal / Adresse 725,Unassigned RAM Address / Reserved Channel 725,,,,,
726,Freie RAM-Zelle / Reserviert,Nicht belegter Kanal / Adresse 726,Unassigned RAM Address / Reserved Channel 726,,,,,
727,Freie RAM-Zelle / Reserviert,Nicht belegter Kanal / Adresse 727,Unassigned RAM Address / Reserved Channel 727,,,,,
728,Freie RAM-Zelle / Reserviert,Nicht belegter Kanal / Adresse 728,Unassigned RAM Address / Reserved Channel 728,,,,,
729,Freie RAM-Zelle / Reserviert,Nicht belegter Kanal / Adresse 729,Unassigned RAM Address / Reserved Channel 729,,,,,
730,Freie RAM-Zelle / Reserviert,Nicht belegter Kanal / Adresse 730,Unassigned RAM Address / Reserved Channel 730,,,,,
731,Freie RAM-Zelle / Reserviert,Nicht belegter Kanal / Adresse 731,Unassigned RAM Address / Reserved Channel 731,,,,,
732,Freie RAM-Zelle / Reserviert,Nicht belegter Kanal / Adresse 732,Unassigned RAM Address / Reserved Channel 732,,,,,
733,Freie RAM-Zelle / Reserviert,Nicht belegter Kanal / Adresse 733,Unassigned RAM Address / Reserved Channel 733,,,,,
734,Freie RAM-Zelle / Reserviert,Nicht belegter Kanal / Adresse 734,Unassigned RAM Address / Reserved Channel 734,,,,,
735,Freie RAM-Zelle / Reserviert,Nicht belegter Kanal / Adresse 735,Unassigned RAM Address / Reserved Channel 735,,,,,
736,Freie RAM-Zelle / Reserviert,Nicht belegter Kanal / Adresse 736,Unassigned RAM Address / Reserved Channel 736,,,,,
737,Freie RAM-Zelle / Reserviert,Nicht belegter Kanal / Adresse 737,Unassigned RAM Address / Reserved Channel 737,,,,,
738,Freie RAM-Zelle / Reserviert,Nicht belegter Kanal / Adresse 738,Unassigned RAM Address / Reserved Channel 738,,,,,
739,Freie RAM-Zelle / Reserviert,Nicht belegter Kanal / Adresse 739,Unassigned RAM Address / Reserved Channel 739,,,,,
740,Freie RAM-Zelle / Reserviert,Nicht belegter Kanal / Adresse 740,Unassigned RAM Address / Reserved Channel 740,,,,,
741,Freie RAM-Zelle / Reserviert,Nicht belegter Kanal / Adresse 741,Unassigned RAM Address / Reserved Channel 741,,,,,
742,Freie RAM-Zelle / Reserviert,Nicht belegter Kanal / Adresse 742,Unassigned RAM Address / Reserved Channel 742,,,,,
743,Freie RAM-Zelle / Reserviert,Nicht belegter Kanal / Adresse 743,Unassigned RAM Address / Reserved Channel 743,,,,,
744,Freie RAM-Zelle / Reserviert,Nicht belegter Kanal / Adresse 744,Unassigned RAM Address / Reserved Channel 744,,,,,
745,Freie RAM-Zelle / Reserviert,Nicht belegter Kanal / Adresse 745,Unassigned RAM Address / Reserved Channel 745,,,,,
746,Freie RAM-Zelle / Reserviert,Nicht belegter Kanal / Adresse 746,Unassigned RAM Address / Reserved Channel 746,,,,,
747,Freie RAM-Zelle / Reserviert,Nicht belegter Kanal / Adresse 747,Unassigned RAM Address / Reserved Channel 747,,,,,
748,Freie RAM-Zelle / Reserviert,Nicht belegter Kanal / Adresse 748,Unassigned RAM Address / Reserved Channel 748,,,,,
749,Freie RAM-Zelle / Reserviert,Nicht belegter Kanal / Adresse 749,Unassigned RAM Address / Reserved Channel 749,,,,,
750,Freie RAM-Zelle / Reserviert,Nicht belegter Kanal / Adresse 750,Unassigned RAM Address / Reserved Channel 750,,,,,
751,Freie RAM-Zelle / Reserviert,Nicht belegter Kanal / Adresse 751,Unassigned RAM Address / Reserved Channel 751,,,,,
752,Freie RAM-Zelle / Reserviert,Nicht belegter Kanal / Adresse 752,Unassigned RAM Address / Reserved Channel 752,,,,,
753,Freie RAM-Zelle / Reserviert,Nicht belegter Kanal / Adresse 753,Unassigned RAM Address / Reserved Channel 753,,,,,
754,Freie RAM-Zelle / Reserviert,Nicht belegter Kanal / Adresse 754,Unassigned RAM Address / Reserved Channel 754,,,,,
755,Freie RAM-Zelle / Reserviert,Nicht belegter Kanal / Adresse 755,Unassigned RAM Address / Reserved Channel 755,,,,,
756,Freie RAM-Zelle / Reserviert,Nicht belegter Kanal / Adresse 756,Unassigned RAM Address / Reserved Channel 756,,,,,
757,Freie RAM-Zelle / Reserviert,Nicht belegter Kanal / Adresse 757,Unassigned RAM Address / Reserved Channel 757,,,,,
758,Freie RAM-Zelle / Reserviert,Nicht belegter Kanal / Adresse 758,Unassigned RAM Address / Reserved Channel 758,,,,,
759,Freie RAM-Zelle / Reserviert,Nicht belegter Kanal / Adresse 759,Unassigned RAM Address / Reserved Channel 759,,,,,
760,Freie RAM-Zelle / Reserviert,Nicht belegter Kanal / Adresse 760,Unassigned RAM Address / Reserved Channel 760,,,,,
761,Freie RAM-Zelle / Reserviert,Nicht belegter Kanal / Adresse 761,Unassigned RAM Address / Reserved Channel 761,,,,,
762,Freie RAM-Zelle / Reserviert,Nicht belegter Kanal / Adresse 762,Unassigned RAM Address / Reserved Channel 762,,,,,
763,Freie RAM-Zelle / Reserviert,Nicht belegter Kanal / Adresse 763,Unassigned RAM Address / Reserved Channel 763,,,,,
764,Freie RAM-Zelle / Reserviert,Nicht belegter Kanal / Adresse 764,Unassigned RAM Address / Reserved Channel 764,,,,,
765,Freie RAM-Zelle / Reserviert,Nicht belegter Kanal / Adresse 765,Unassigned RAM Address / Reserved Channel 765,,,,,
766,Freie RAM-Zelle / Reserviert,Nicht belegter Kanal / Adresse 766,Unassigned RAM Address / Reserved Channel 766,,,,,
767,Freie RAM-Zelle / Reserviert,Nicht belegter Kanal / Adresse 767,Unassigned RAM Address / Reserved Channel 767,,,,,
768,Freie RAM-Zelle / Reserviert,Nicht belegter Kanal / Adresse 768,Unassigned RAM Address / Reserved Channel 768,,,,,
769,Freie RAM-Zelle / Reserviert,Nicht belegter Kanal / Adresse 769,Unassigned RAM Address / Reserved Channel 769,,,,,
770,Freie RAM-Zelle / Reserviert,Nicht belegter Kanal / Adresse 770,Unassigned RAM Address / Reserved Channel 770,,,,,
771,Freie RAM-Zelle / Reserviert,Nicht belegter Kanal / Adresse 771,Unassigned RAM Address / Reserved Channel 771,,,,,
772,Freie RAM-Zelle / Reserviert,Nicht belegter Kanal / Adresse 772,Unassigned RAM Address / Reserved Channel 772,,,,,
773,Freie RAM-Zelle / Reserviert,Nicht belegter Kanal / Adresse 773,Unassigned RAM Address / Reserved Channel 773,,,,,
774,Freie RAM-Zelle / Reserviert,Nicht belegter Kanal / Adresse 774,Unassigned RAM Address / Reserved Channel 774,,,,,
775,Freie RAM-Zelle / Reserviert,Nicht belegter Kanal / Adresse 775,Unassigned RAM Address / Reserved Channel 775,,,,,
776,Freie RAM-Zelle / Reserviert,Nicht belegter Kanal / Adresse 776,Unassigned RAM Address / Reserved Channel 776,,,,,
777,Freie RAM-Zelle / Reserviert,Nicht belegter Kanal / Adresse 777,Unassigned RAM Address / Reserved Channel 777,,,,,
778,Freie RAM-Zelle / Reserviert,Nicht belegter Kanal / Adresse 778,Unassigned RAM Address / Reserved Channel 778,,,,,
779,Freie RAM-Zelle / Reserviert,Nicht belegter Kanal / Adresse 779,Unassigned RAM Address / Reserved Channel 779,,,,,
780,Freie RAM-Zelle / Reserviert,Nicht belegter Kanal / Adresse 780,Unassigned RAM Address / Reserved Channel 780,,,,,
781,Freie RAM-Zelle / Reserviert,Nicht belegter Kanal / Adresse 781,Unassigned RAM Address / Reserved Channel 781,,,,,
782,Freie RAM-Zelle / Reserviert,Nicht belegter Kanal / Adresse 782,Unassigned RAM Address / Reserved Channel 782,,,,,
783,Freie RAM-Zelle / Reserviert,Nicht belegter Kanal / Adresse 783,Unassigned RAM Address / Reserved Channel 783,,,,,
784,Freie RAM-Zelle / Reserviert,Nicht belegter Kanal / Adresse 784,Unassigned RAM Address / Reserved Channel 784,,,,,
785,Freie RAM-Zelle / Reserviert,Nicht belegter Kanal / Adresse 785,Unassigned RAM Address / Reserved Channel 785,,,,,
786,Freie RAM-Zelle / Reserviert,Nicht belegter Kanal / Adresse 786,Unassigned RAM Address / Reserved Channel 786,,,,,
787,Freie RAM-Zelle / Reserviert,Nicht belegter Kanal / Adresse 787,Unassigned RAM Address / Reserved Channel 787,,,,,
788,Freie RAM-Zelle / Reserviert,Nicht belegter Kanal / Adresse 788,Unassigned RAM Address / Reserved Channel 788,,,,,
789,Freie RAM-Zelle / Reserviert,Nicht belegter Kanal / Adresse 789,Unassigned RAM Address / Reserved Channel 789,,,,,
790,Freie RAM-Zelle / Reserviert,Nicht belegter Kanal / Adresse 790,Unassigned RAM Address / Reserved Channel 790,,,,,
791,Freie RAM-Zelle / Reserviert,Nicht belegter Kanal / Adresse 791,Unassigned RAM Address / Reserved Channel 791,,,,,
792,Freie RAM-Zelle / Reserviert,Nicht belegter Kanal / Adresse 792,Unassigned RAM Address / Reserved Channel 792,,,,,
793,Freie RAM-Zelle / Reserviert,Nicht belegter Kanal / Adresse 793,Unassigned RAM Address / Reserved Channel 793,,,,,
794,Freie RAM-Zelle / Reserviert,Nicht belegter Kanal / Adresse 794,Unassigned RAM Address / Reserved Channel 794,,,,,
795,Freie RAM-Zelle / Reserviert,Nicht belegter Kanal / Adresse 795,Unassigned RAM Address / Reserved Channel 795,,,,,
796,Freie RAM-Zelle / Reserviert,Nicht belegter Kanal / Adresse 796,Unassigned RAM Address / Reserved Channel 796,,,,,
797,Freie RAM-Zelle / Reserviert,Nicht belegter Kanal / Adresse 797,Unassigned RAM Address / Reserved Channel 797,,,,,
798,Freie RAM-Zelle / Reserviert,Nicht belegter Kanal / Adresse 798,Unassigned RAM Address / Reserved Channel 798,,,,,
799,Freie RAM-Zelle / Reserviert,Nicht belegter Kanal / Adresse 799,Unassigned RAM Address / Reserved Channel 799,,,,,
800,Freie RAM-Zelle / Reserviert,Nicht belegter Kanal / Adresse 800,Unassigned RAM Address / Reserved Channel 800,,,,,
801,Freie RAM-Zelle / Reserviert,Nicht belegter Kanal / Adresse 801,Unassigned RAM Address / Reserved Channel 801,,,,,
802,Freie RAM-Zelle / Reserviert,Nicht belegter Kanal / Adresse 802,Unassigned RAM Address / Reserved Channel 802,,,,,
803,Freie RAM-Zelle / Reserviert,Nicht belegter Kanal / Adresse 803,Unassigned RAM Address / Reserved Channel 803,,,,,
804,Freie RAM-Zelle / Reserviert,Nicht belegter Kanal / Adresse 804,Unassigned RAM Address / Reserved Channel 804,,,,,
805,Freie RAM-Zelle / Reserviert,Nicht belegter Kanal / Adresse 805,Unassigned RAM Address / Reserved Channel 805,,,,,
806,Freie RAM-Zelle / Reserviert,Nicht belegter Kanal / Adresse 806,Unassigned RAM Address / Reserved Channel 806,,,,,
807,Freie RAM-Zelle / Reserviert,Nicht belegter Kanal / Adresse 807,Unassigned RAM Address / Reserved Channel 807,,,,,
808,Freie RAM-Zelle / Reserviert,Nicht belegter Kanal / Adresse 808,Unassigned RAM Address / Reserved Channel 808,,,,,
809,Freie RAM-Zelle / Reserviert,Nicht belegter Kanal / Adresse 809,Unassigned RAM Address / Reserved Channel 809,,,,,
810,Freie RAM-Zelle / Reserviert,Nicht belegter Kanal / Adresse 810,Unassigned RAM Address / Reserved Channel 810,,,,,
811,Freie RAM-Zelle / Reserviert,Nicht belegter Kanal / Adresse 811,Unassigned RAM Address / Reserved Channel 811,,,,,
812,Freie RAM-Zelle / Reserviert,Nicht belegter Kanal / Adresse 812,Unassigned RAM Address / Reserved Channel 812,,,,,
813,Freie RAM-Zelle / Reserviert,Nicht belegter Kanal / Adresse 813,Unassigned RAM Address / Reserved Channel 813,,,,,
814,Freie RAM-Zelle / Reserviert,Nicht belegter Kanal / Adresse 814,Unassigned RAM Address / Reserved Channel 814,,,,,
815,Freie RAM-Zelle / Reserviert,Nicht belegter Kanal / Adresse 815,Unassigned RAM Address / Reserved Channel 815,,,,,
816,Freie RAM-Zelle / Reserviert,Nicht belegter Kanal / Adresse 816,Unassigned RAM Address / Reserved Channel 816,,,,,
817,Freie RAM-Zelle / Reserviert,Nicht belegter Kanal / Adresse 817,Unassigned RAM Address / Reserved Channel 817,,,,,
818,Freie RAM-Zelle / Reserviert,Nicht belegter Kanal / Adresse 818,Unassigned RAM Address / Reserved Channel 818,,,,,
819,Freie RAM-Zelle / Reserviert,Nicht belegter Kanal / Adresse 819,Unassigned RAM Address / Reserved Channel 819,,,,,
820,Freie RAM-Zelle / Reserviert,Nicht belegter Kanal / Adresse 820,Unassigned RAM Address / Reserved Channel 820,,,,,
821,Freie RAM-Zelle / Reserviert,Nicht belegter Kanal / Adresse 821,Unassigned RAM Address / Reserved Channel 821,,,,,
822,Freie RAM-Zelle / Reserviert,Nicht belegter Kanal / Adresse 822,Unassigned RAM Address / Reserved Channel 822,,,,,
823,Freie RAM-Zelle / Reserviert,Nicht belegter Kanal / Adresse 823,Unassigned RAM Address / Reserved Channel 823,,,,,
824,Freie RAM-Zelle / Reserviert,Nicht belegter Kanal / Adresse 824,Unassigned RAM Address / Reserved Channel 824,,,,,
825,Freie RAM-Zelle / Reserviert,Nicht belegter Kanal / Adresse 825,Unassigned RAM Address / Reserved Channel 825,,,,,
826,Freie RAM-Zelle / Reserviert,Nicht belegter Kanal / Adresse 826,Unassigned RAM Address / Reserved Channel 826,,,,,
827,Freie RAM-Zelle / Reserviert,Nicht belegter Kanal / Adresse 827,Unassigned RAM Address / Reserved Channel 827,,,,,
828,Freie RAM-Zelle / Reserviert,Nicht belegter Kanal / Adresse 828,Unassigned RAM Address / Reserved Channel 828,,,,,
829,Freie RAM-Zelle / Reserviert,Nicht belegter Kanal / Adresse 829,Unassigned RAM Address / Reserved Channel 829,,,,,
830,Freie RAM-Zelle / Reserviert,Nicht belegter Kanal / Adresse 830,Unassigned RAM Address / Reserved Channel 830,,,,,
831,Freie RAM-Zelle / Reserviert,Nicht belegter Kanal / Adresse 831,Unassigned RAM Address / Reserved Channel 831,,,,,
832,Freie RAM-Zelle / Reserviert,Nicht belegter Kanal / Adresse 832,Unassigned RAM Address / Reserved Channel 832,,,,,
833,Freie RAM-Zelle / Reserviert,Nicht belegter Kanal / Adresse 833,Unassigned RAM Address / Reserved Channel 833,,,,,
834,Freie RAM-Zelle / Reserviert,Nicht belegter Kanal / Adresse 834,Unassigned RAM Address / Reserved Channel 834,,,,,
835,Freie RAM-Zelle / Reserviert,Nicht belegter Kanal / Adresse 835,Unassigned RAM Address / Reserved Channel 835,,,,,
836,Freie RAM-Zelle / Reserviert,Nicht belegter Kanal / Adresse 836,Unassigned RAM Address / Reserved Channel 836,,,,,
837,Freie RAM-Zelle / Reserviert,Nicht belegter Kanal / Adresse 837,Unassigned RAM Address / Reserved Channel 837,,,,,
838,Freie RAM-Zelle / Reserviert,Nicht belegter Kanal / Adresse 838,Unassigned RAM Address / Reserved Channel 838,,,,,
839,Freie RAM-Zelle / Reserviert,Nicht belegter Kanal / Adresse 839,Unassigned RAM Address / Reserved Channel 839,,,,,
840,Freie RAM-Zelle / Reserviert,Nicht belegter Kanal / Adresse 840,Unassigned RAM Address / Reserved Channel 840,,,,,
841,Freie RAM-Zelle / Reserviert,Nicht belegter Kanal / Adresse 841,Unassigned RAM Address / Reserved Channel 841,,,,,
842,Freie RAM-Zelle / Reserviert,Nicht belegter Kanal / Adresse 842,Unassigned RAM Address / Reserved Channel 842,,,,,
843,Freie RAM-Zelle / Reserviert,Nicht belegter Kanal / Adresse 843,Unassigned RAM Address / Reserved Channel 843,,,,,
844,Freie RAM-Zelle / Reserviert,Nicht belegter Kanal / Adresse 844,Unassigned RAM Address / Reserved Channel 844,,,,,
845,Freie RAM-Zelle / Reserviert,Nicht belegter Kanal / Adresse 845,Unassigned RAM Address / Reserved Channel 845,,,,,
846,Freie RAM-Zelle / Reserviert,Nicht belegter Kanal / Adresse 846,Unassigned RAM Address / Reserved Channel 846,,,,,
847,Freie RAM-Zelle / Reserviert,Nicht belegter Kanal / Adresse 847,Unassigned RAM Address / Reserved Channel 847,,,,,
848,Freie RAM-Zelle / Reserviert,Nicht belegter Kanal / Adresse 848,Unassigned RAM Address / Reserved Channel 848,,,,,
849,Freie RAM-Zelle / Reserviert,Nicht belegter Kanal / Adresse 849,Unassigned RAM Address / Reserved Channel 849,,,,,
850,Freie RAM-Zelle / Reserviert,Nicht belegter Kanal / Adresse 850,Unassigned RAM Address / Reserved Channel 850,,,,,
851,Freie RAM-Zelle / Reserviert,Nicht belegter Kanal / Adresse 851,Unassigned RAM Address / Reserved Channel 851,,,,,
852,Freie RAM-Zelle / Reserviert,Nicht belegter Kanal / Adresse 852,Unassigned RAM Address / Reserved Channel 852,,,,,
853,Freie RAM-Zelle / Reserviert,Nicht belegter Kanal / Adresse 853,Unassigned RAM Address / Reserved Channel 853,,,,,
854,Freie RAM-Zelle / Reserviert,Nicht belegter Kanal / Adresse 854,Unassigned RAM Address / Reserved Channel 854,,,,,
855,Freie RAM-Zelle / Reserviert,Nicht belegter Kanal / Adresse 855,Unassigned RAM Address / Reserved Channel 855,,,,,
856,Freie RAM-Zelle / Reserviert,Nicht belegter Kanal / Adresse 856,Unassigned RAM Address / Reserved Channel 856,,,,,
857,Freie RAM-Zelle / Reserviert,Nicht belegter Kanal / Adresse 857,Unassigned RAM Address / Reserved Channel 857,,,,,
858,Freie RAM-Zelle / Reserviert,Nicht belegter Kanal / Adresse 858,Unassigned RAM Address / Reserved Channel 858,,,,,
859,Freie RAM-Zelle / Reserviert,Nicht belegter Kanal / Adresse 859,Unassigned RAM Address / Reserved Channel 859,,,,,
860,Freie RAM-Zelle / Reserviert,Nicht belegter Kanal / Adresse 860,Unassigned RAM Address / Reserved Channel 860,,,,,
861,Freie RAM-Zelle / Reserviert,Nicht belegter Kanal / Adresse 861,Unassigned RAM Address / Reserved Channel 861,,,,,
862,Freie RAM-Zelle / Reserviert,Nicht belegter Kanal / Adresse 862,Unassigned RAM Address / Reserved Channel 862,,,,,
863,Freie RAM-Zelle / Reserviert,Nicht belegter Kanal / Adresse 863,Unassigned RAM Address / Reserved Channel 863,,,,,
864,Freie RAM-Zelle / Reserviert,Nicht belegter Kanal / Adresse 864,Unassigned RAM Address / Reserved Channel 864,,,,,
865,Freie RAM-Zelle / Reserviert,Nicht belegter Kanal / Adresse 865,Unassigned RAM Address / Reserved Channel 865,,,,,
866,Freie RAM-Zelle / Reserviert,Nicht belegter Kanal / Adresse 866,Unassigned RAM Address / Reserved Channel 866,,,,,
867,Freie RAM-Zelle / Reserviert,Nicht belegter Kanal / Adresse 867,Unassigned RAM Address / Reserved Channel 867,,,,,
868,Freie RAM-Zelle / Reserviert,Nicht belegter Kanal / Adresse 868,Unassigned RAM Address / Reserved Channel 868,,,,,
869,Freie RAM-Zelle / Reserviert,Nicht belegter Kanal / Adresse 869,Unassigned RAM Address / Reserved Channel 869,,,,,
870,Freie RAM-Zelle / Reserviert,Nicht belegter Kanal / Adresse 870,Unassigned RAM Address / Reserved Channel 870,,,,,
871,Freie RAM-Zelle / Reserviert,Nicht belegter Kanal / Adresse 871,Unassigned RAM Address / Reserved Channel 871,,,,,
872,Freie RAM-Zelle / Reserviert,Nicht belegter Kanal / Adresse 872,Unassigned RAM Address / Reserved Channel 872,,,,,
873,Freie RAM-Zelle / Reserviert,Nicht belegter Kanal / Adresse 873,Unassigned RAM Address / Reserved Channel 873,,,,,
874,Freie RAM-Zelle / Reserviert,Nicht belegter Kanal / Adresse 874,Unassigned RAM Address / Reserved Channel 874,,,,,
875,Freie RAM-Zelle / Reserviert,Nicht belegter Kanal / Adresse 875,Unassigned RAM Address / Reserved Channel 875,,,,,
876,Freie RAM-Zelle / Reserviert,Nicht belegter Kanal / Adresse 876,Unassigned RAM Address / Reserved Channel 876,,,,,
877,Freie RAM-Zelle / Reserviert,Nicht belegter Kanal / Adresse 877,Unassigned RAM Address / Reserved Channel 877,,,,,
878,Freie RAM-Zelle / Reserviert,Nicht belegter Kanal / Adresse 878,Unassigned RAM Address / Reserved Channel 878,,,,,
879,Freie RAM-Zelle / Reserviert,Nicht belegter Kanal / Adresse 879,Unassigned RAM Address / Reserved Channel 879,,,,,
880,Freie RAM-Zelle / Reserviert,Nicht belegter Kanal / Adresse 880,Unassigned RAM Address / Reserved Channel 880,,,,,
881,Freie RAM-Zelle / Reserviert,Nicht belegter Kanal / Adresse 881,Unassigned RAM Address / Reserved Channel 881,,,,,
882,Freie RAM-Zelle / Reserviert,Nicht belegter Kanal / Adresse 882,Unassigned RAM Address / Reserved Channel 882,,,,,
883,Freie RAM-Zelle / Reserviert,Nicht belegter Kanal / Adresse 883,Unassigned RAM Address / Reserved Channel 883,,,,,
884,Freie RAM-Zelle / Reserviert,Nicht belegter Kanal / Adresse 884,Unassigned RAM Address / Reserved Channel 884,,,,,
885,Freie RAM-Zelle / Reserviert,Nicht belegter Kanal / Adresse 885,Unassigned RAM Address / Reserved Channel 885,,,,,
886,Freie RAM-Zelle / Reserviert,Nicht belegter Kanal / Adresse 886,Unassigned RAM Address / Reserved Channel 886,,,,,
887,Freie RAM-Zelle / Reserviert,Nicht belegter Kanal / Adresse 887,Unassigned RAM Address / Reserved Channel 887,,,,,
888,Freie RAM-Zelle / Reserviert,Nicht belegter Kanal / Adresse 888,Unassigned RAM Address / Reserved Channel 888,,,,,
889,Freie RAM-Zelle / Reserviert,Nicht belegter Kanal / Adresse 889,Unassigned RAM Address / Reserved Channel 889,,,,,
890,Freie RAM-Zelle / Reserviert,Nicht belegter Kanal / Adresse 890,Unassigned RAM Address / Reserved Channel 890,,,,,
891,Freie RAM-Zelle / Reserviert,Nicht belegter Kanal / Adresse 891,Unassigned RAM Address / Reserved Channel 891,,,,,
892,Freie RAM-Zelle / Reserviert,Nicht belegter Kanal / Adresse 892,Unassigned RAM Address / Reserved Channel 892,,,,,
893,Freie RAM-Zelle / Reserviert,Nicht belegter Kanal / Adresse 893,Unassigned RAM Address / Reserved Channel 893,,,,,
894,Freie RAM-Zelle / Reserviert,Nicht belegter Kanal / Adresse 894,Unassigned RAM Address / Reserved Channel 894,,,,,
895,Freie RAM-Zelle / Reserviert,Nicht belegter Kanal / Adresse 895,Unassigned RAM Address / Reserved Channel 895,,,,,
896,Freie RAM-Zelle / Reserviert,Nicht belegter Kanal / Adresse 896,Unassigned RAM Address / Reserved Channel 896,,,,,
897,Freie RAM-Zelle / Reserviert,Nicht belegter Kanal / Adresse 897,Unassigned RAM Address / Reserved Channel 897,,,,,
898,Freie RAM-Zelle / Reserviert,Nicht belegter Kanal / Adresse 898,Unassigned RAM Address / Reserved Channel 898,,,,,
899,Freie RAM-Zelle / Reserviert,Nicht belegter Kanal / Adresse 899,Unassigned RAM Address / Reserved Channel 899,,,,,
900,Freie RAM-Zelle / Reserviert,Nicht belegter Kanal / Adresse 900,Unassigned RAM Address / Reserved Channel 900,,,,,
901,Freie RAM-Zelle / Reserviert,Nicht belegter Kanal / Adresse 901,Unassigned RAM Address / Reserved Channel 901,,,,,
902,Freie RAM-Zelle / Reserviert,Nicht belegter Kanal / Adresse 902,Unassigned RAM Address / Reserved Channel 902,,,,,
903,Freie RAM-Zelle / Reserviert,Nicht belegter Kanal / Adresse 903,Unassigned RAM Address / Reserved Channel 903,,,,,
904,Freie RAM-Zelle / Reserviert,Nicht belegter Kanal / Adresse 904,Unassigned RAM Address / Reserved Channel 904,,,,,
905,Freie RAM-Zelle / Reserviert,Nicht belegter Kanal / Adresse 905,Unassigned RAM Address / Reserved Channel 905,,,,,
906,Freie RAM-Zelle / Reserviert,Nicht belegter Kanal / Adresse 906,Unassigned RAM Address / Reserved Channel 906,,,,,
907,Freie RAM-Zelle / Reserviert,Nicht belegter Kanal / Adresse 907,Unassigned RAM Address / Reserved Channel 907,,,,,
908,Freie RAM-Zelle / Reserviert,Nicht belegter Kanal / Adresse 908,Unassigned RAM Address / Reserved Channel 908,,,,,
909,Freie RAM-Zelle / Reserviert,Nicht belegter Kanal / Adresse 909,Unassigned RAM Address / Reserved Channel 909,,,,,
910,Freie RAM-Zelle / Reserviert,Nicht belegter Kanal / Adresse 910,Unassigned RAM Address / Reserved Channel 910,,,,,
911,Freie RAM-Zelle / Reserviert,Nicht belegter Kanal / Adresse 911,Unassigned RAM Address / Reserved Channel 911,,,,,
912,Freie RAM-Zelle / Reserviert,Nicht belegter Kanal / Adresse 912,Unassigned RAM Address / Reserved Channel 912,,,,,
913,Freie RAM-Zelle / Reserviert,Nicht belegter Kanal / Adresse 913,Unassigned RAM Address / Reserved Channel 913,,,,,
914,Freie RAM-Zelle / Reserviert,Nicht belegter Kanal / Adresse 914,Unassigned RAM Address / Reserved Channel 914,,,,,
915,Freie RAM-Zelle / Reserviert,Nicht belegter Kanal / Adresse 915,Unassigned RAM Address / Reserved Channel 915,,,,,
916,Freie RAM-Zelle / Reserviert,Nicht belegter Kanal / Adresse 916,Unassigned RAM Address / Reserved Channel 916,,,,,
917,Freie RAM-Zelle / Reserviert,Nicht belegter Kanal / Adresse 917,Unassigned RAM Address / Reserved Channel 917,,,,,
918,Freie RAM-Zelle / Reserviert,Nicht belegter Kanal / Adresse 918,Unassigned RAM Address / Reserved Channel 918,,,,,
919,Freie RAM-Zelle / Reserviert,Nicht belegter Kanal / Adresse 919,Unassigned RAM Address / Reserved Channel 919,,,,,
920,Freie RAM-Zelle / Reserviert,Nicht belegter Kanal / Adresse 920,Unassigned RAM Address / Reserved Channel 920,,,,,
921,Freie RAM-Zelle / Reserviert,Nicht belegter Kanal / Adresse 921,Unassigned RAM Address / Reserved Channel 921,,,,,
922,Freie RAM-Zelle / Reserviert,Nicht belegter Kanal / Adresse 922,Unassigned RAM Address / Reserved Channel 922,,,,,
923,Freie RAM-Zelle / Reserviert,Nicht belegter Kanal / Adresse 923,Unassigned RAM Address / Reserved Channel 923,,,,,
924,Freie RAM-Zelle / Reserviert,Nicht belegter Kanal / Adresse 924,Unassigned RAM Address / Reserved Channel 924,,,,,
925,Freie RAM-Zelle / Reserviert,Nicht belegter Kanal / Adresse 925,Unassigned RAM Address / Reserved Channel 925,,,,,
926,Freie RAM-Zelle / Reserviert,Nicht belegter Kanal / Adresse 926,Unassigned RAM Address / Reserved Channel 926,,,,,
927,Freie RAM-Zelle / Reserviert,Nicht belegter Kanal / Adresse 927,Unassigned RAM Address / Reserved Channel 927,,,,,
928,Freie RAM-Zelle / Reserviert,Nicht belegter Kanal / Adresse 928,Unassigned RAM Address / Reserved Channel 928,,,,,
929,Freie RAM-Zelle / Reserviert,Nicht belegter Kanal / Adresse 929,Unassigned RAM Address / Reserved Channel 929,,,,,
930,Freie RAM-Zelle / Reserviert,Nicht belegter Kanal / Adresse 930,Unassigned RAM Address / Reserved Channel 930,,,,,
931,Freie RAM-Zelle / Reserviert,Nicht belegter Kanal / Adresse 931,Unassigned RAM Address / Reserved Channel 931,,,,,
932,Freie RAM-Zelle / Reserviert,Nicht belegter Kanal / Adresse 932,Unassigned RAM Address / Reserved Channel 932,,,,,
933,Freie RAM-Zelle / Reserviert,Nicht belegter Kanal / Adresse 933,Unassigned RAM Address / Reserved Channel 933,,,,,
934,Freie RAM-Zelle / Reserviert,Nicht belegter Kanal / Adresse 934,Unassigned RAM Address / Reserved Channel 934,,,,,
935,Freie RAM-Zelle / Reserviert,Nicht belegter Kanal / Adresse 935,Unassigned RAM Address / Reserved Channel 935,,,,,
936,Freie RAM-Zelle / Reserviert,Nicht belegter Kanal / Adresse 936,Unassigned RAM Address / Reserved Channel 936,,,,,
937,Freie RAM-Zelle / Reserviert,Nicht belegter Kanal / Adresse 937,Unassigned RAM Address / Reserved Channel 937,,,,,
938,Freie RAM-Zelle / Reserviert,Nicht belegter Kanal / Adresse 938,Unassigned RAM Address / Reserved Channel 938,,,,,
939,Freie RAM-Zelle / Reserviert,Nicht belegter Kanal / Adresse 939,Unassigned RAM Address / Reserved Channel 939,,,,,
940,Freie RAM-Zelle / Reserviert,Nicht belegter Kanal / Adresse 940,Unassigned RAM Address / Reserved Channel 940,,,,,
941,Freie RAM-Zelle / Reserviert,Nicht belegter Kanal / Adresse 941,Unassigned RAM Address / Reserved Channel 941,,,,,
942,Freie RAM-Zelle / Reserviert,Nicht belegter Kanal / Adresse 942,Unassigned RAM Address / Reserved Channel 942,,,,,
943,Freie RAM-Zelle / Reserviert,Nicht belegter Kanal / Adresse 943,Unassigned RAM Address / Reserved Channel 943,,,,,
944,Freie RAM-Zelle / Reserviert,Nicht belegter Kanal / Adresse 944,Unassigned RAM Address / Reserved Channel 944,,,,,
945,Freie RAM-Zelle / Reserviert,Nicht belegter Kanal / Adresse 945,Unassigned RAM Address / Reserved Channel 945,,,,,
946,Freie RAM-Zelle / Reserviert,Nicht belegter Kanal / Adresse 946,Unassigned RAM Address / Reserved Channel 946,,,,,
947,Freie RAM-Zelle / Reserviert,Nicht belegter Kanal / Adresse 947,Unassigned RAM Address / Reserved Channel 947,,,,,
948,Freie RAM-Zelle / Reserviert,Nicht belegter Kanal / Adresse 948,Unassigned RAM Address / Reserved Channel 948,,,,,
949,Freie RAM-Zelle / Reserviert,Nicht belegter Kanal / Adresse 949,Unassigned RAM Address / Reserved Channel 949,,,,,
950,Freie RAM-Zelle / Reserviert,Nicht belegter Kanal / Adresse 950,Unassigned RAM Address / Reserved Channel 950,,,,,
951,Freie RAM-Zelle / Reserviert,Nicht belegter Kanal / Adresse 951,Unassigned RAM Address / Reserved Channel 951,,,,,
952,Freie RAM-Zelle / Reserviert,Nicht belegter Kanal / Adresse 952,Unassigned RAM Address / Reserved Channel 952,,,,,
953,Freie RAM-Zelle / Reserviert,Nicht belegter Kanal / Adresse 953,Unassigned RAM Address / Reserved Channel 953,,,,,
954,Freie RAM-Zelle / Reserviert,Nicht belegter Kanal / Adresse 954,Unassigned RAM Address / Reserved Channel 954,,,,,
955,Freie RAM-Zelle / Reserviert,Nicht belegter Kanal / Adresse 955,Unassigned RAM Address / Reserved Channel 955,,,,,
956,Freie RAM-Zelle / Reserviert,Nicht belegter Kanal / Adresse 956,Unassigned RAM Address / Reserved Channel 956,,,,,
957,Freie RAM-Zelle / Reserviert,Nicht belegter Kanal / Adresse 957,Unassigned RAM Address / Reserved Channel 957,,,,,
958,Freie RAM-Zelle / Reserviert,Nicht belegter Kanal / Adresse 958,Unassigned RAM Address / Reserved Channel 958,,,,,
959,Freie RAM-Zelle / Reserviert,Nicht belegter Kanal / Adresse 959,Unassigned RAM Address / Reserved Channel 959,,,,,
960,Freie RAM-Zelle / Reserviert,Nicht belegter Kanal / Adresse 960,Unassigned RAM Address / Reserved Channel 960,,,,,
961,Freie RAM-Zelle / Reserviert,Nicht belegter Kanal / Adresse 961,Unassigned RAM Address / Reserved Channel 961,,,,,
962,Freie RAM-Zelle / Reserviert,Nicht belegter Kanal / Adresse 962,Unassigned RAM Address / Reserved Channel 962,,,,,
963,Freie RAM-Zelle / Reserviert,Nicht belegter Kanal / Adresse 963,Unassigned RAM Address / Reserved Channel 963,,,,,
964,Freie RAM-Zelle / Reserviert,Nicht belegter Kanal / Adresse 964,Unassigned RAM Address / Reserved Channel 964,,,,,
965,Freie RAM-Zelle / Reserviert,Nicht belegter Kanal / Adresse 965,Unassigned RAM Address / Reserved Channel 965,,,,,
966,Freie RAM-Zelle / Reserviert,Nicht belegter Kanal / Adresse 966,Unassigned RAM Address / Reserved Channel 966,,,,,
967,Freie RAM-Zelle / Reserviert,Nicht belegter Kanal / Adresse 967,Unassigned RAM Address / Reserved Channel 967,,,,,
968,Freie RAM-Zelle / Reserviert,Nicht belegter Kanal / Adresse 968,Unassigned RAM Address / Reserved Channel 968,,,,,
969,Freie RAM-Zelle / Reserviert,Nicht belegter Kanal / Adresse 969,Unassigned RAM Address / Reserved Channel 969,,,,,
970,Freie RAM-Zelle / Reserviert,Nicht belegter Kanal / Adresse 970,Unassigned RAM Address / Reserved Channel 970,,,,,
971,Freie RAM-Zelle / Reserviert,Nicht belegter Kanal / Adresse 971,Unassigned RAM Address / Reserved Channel 971,,,,,
972,Freie RAM-Zelle / Reserviert,Nicht belegter Kanal / Adresse 972,Unassigned RAM Address / Reserved Channel 972,,,,,
973,Freie RAM-Zelle / Reserviert,Nicht belegter Kanal / Adresse 973,Unassigned RAM Address / Reserved Channel 973,,,,,
974,Freie RAM-Zelle / Reserviert,Nicht belegter Kanal / Adresse 974,Unassigned RAM Address / Reserved Channel 974,,,,,
975,Freie RAM-Zelle / Reserviert,Nicht belegter Kanal / Adresse 975,Unassigned RAM Address / Reserved Channel 975,,,,,
976,Freie RAM-Zelle / Reserviert,Nicht belegter Kanal / Adresse 976,Unassigned RAM Address / Reserved Channel 976,,,,,
977,Freie RAM-Zelle / Reserviert,Nicht belegter Kanal / Adresse 977,Unassigned RAM Address / Reserved Channel 977,,,,,
978,Freie RAM-Zelle / Reserviert,Nicht belegter Kanal / Adresse 978,Unassigned RAM Address / Reserved Channel 978,,,,,
979,Freie RAM-Zelle / Reserviert,Nicht belegter Kanal / Adresse 979,Unassigned RAM Address / Reserved Channel 979,,,,,
980,Freie RAM-Zelle / Reserviert,Nicht belegter Kanal / Adresse 980,Unassigned RAM Address / Reserved Channel 980,,,,,
981,Freie RAM-Zelle / Reserviert,Nicht belegter Kanal / Adresse 981,Unassigned RAM Address / Reserved Channel 981,,,,,
982,Freie RAM-Zelle / Reserviert,Nicht belegter Kanal / Adresse 982,Unassigned RAM Address / Reserved Channel 982,,,,,
983,Freie RAM-Zelle / Reserviert,Nicht belegter Kanal / Adresse 983,Unassigned RAM Address / Reserved Channel 983,,,,,
984,Freie RAM-Zelle / Reserviert,Nicht belegter Kanal / Adresse 984,Unassigned RAM Address / Reserved Channel 984,,,,,
985,Freie RAM-Zelle / Reserviert,Nicht belegter Kanal / Adresse 985,Unassigned RAM Address / Reserved Channel 985,,,,,
986,Freie RAM-Zelle / Reserviert,Nicht belegter Kanal / Adresse 986,Unassigned RAM Address / Reserved Channel 986,,,,,
987,Freie RAM-Zelle / Reserviert,Nicht belegter Kanal / Adresse 987,Unassigned RAM Address / Reserved Channel 987,,,,,
988,Freie RAM-Zelle / Reserviert,Nicht belegter Kanal / Adresse 988,Unassigned RAM Address / Reserved Channel 988,,,,,
989,Freie RAM-Zelle / Reserviert,Nicht belegter Kanal / Adresse 989,Unassigned RAM Address / Reserved Channel 989,,,,,
990,Freie RAM-Zelle / Reserviert,Nicht belegter Kanal / Adresse 990,Unassigned RAM Address / Reserved Channel 990,,,,,
991,Freie RAM-Zelle / Reserviert,Nicht belegter Kanal / Adresse 991,Unassigned RAM Address / Reserved Channel 991,,,,,
992,Freie RAM-Zelle / Reserviert,Nicht belegter Kanal / Adresse 992,Unassigned RAM Address / Reserved Channel 992,,,,,
993,Freie RAM-Zelle / Reserviert,Nicht belegter Kanal / Adresse 993,Unassigned RAM Address / Reserved Channel 993,,,,,
994,Freie RAM-Zelle / Reserviert,Nicht belegter Kanal / Adresse 994,Unassigned RAM Address / Reserved Channel 994,,,,,
995,Freie RAM-Zelle / Reserviert,Nicht belegter Kanal / Adresse 995,Unassigned RAM Address / Reserved Channel 995,,,,,
996,Freie RAM-Zelle / Reserviert,Nicht belegter Kanal / Adresse 996,Unassigned RAM Address / Reserved Channel 996,,,,,
997,Freie RAM-Zelle / Reserviert,Nicht belegter Kanal / Adresse 997,Unassigned RAM Address / Reserved Channel 997,,,,,
998,Freie RAM-Zelle / Reserviert,Nicht belegter Kanal / Adresse 998,Unassigned RAM Address / Reserved Channel 998,,,,,
999,Freie RAM-Zelle / Reserviert,Nicht belegter Kanal / Adresse 999,Unassigned RAM Address / Reserved Channel 999,,,,,
1000,Freie RAM-Zelle / Reserviert,Nicht belegter Kanal / Adresse 1000,Unassigned RAM Address / Reserved Channel 1000,,,,,
1001,Freie RAM-Zelle / Reserviert,Nicht belegter Kanal / Adresse 1001,Unassigned RAM Address / Reserved Channel 1001,,,,,
1002,Freie RAM-Zelle / Reserviert,Nicht belegter Kanal / Adresse 1002,Unassigned RAM Address / Reserved Channel 1002,,,,,
1003,Freie RAM-Zelle / Reserviert,Nicht belegter Kanal / Adresse 1003,Unassigned RAM Address / Reserved Channel 1003,,,,,
1004,Freie RAM-Zelle / Reserviert,Nicht belegter Kanal / Adresse 1004,Unassigned RAM Address / Reserved Channel 1004,,,,,
1005,Freie RAM-Zelle / Reserviert,Nicht belegter Kanal / Adresse 1005,Unassigned RAM Address / Reserved Channel 1005,,,,,
1006,Freie RAM-Zelle / Reserviert,Nicht belegter Kanal / Adresse 1006,Unassigned RAM Address / Reserved Channel 1006,,,,,
1007,Freie RAM-Zelle / Reserviert,Nicht belegter Kanal / Adresse 1007,Unassigned RAM Address / Reserved Channel 1007,,,,,
1008,Freie RAM-Zelle / Reserviert,Nicht belegter Kanal / Adresse 1008,Unassigned RAM Address / Reserved Channel 1008,,,,,
1009,Freie RAM-Zelle / Reserviert,Nicht belegter Kanal / Adresse 1009,Unassigned RAM Address / Reserved Channel 1009,,,,,
1010,Freie RAM-Zelle / Reserviert,Nicht belegter Kanal / Adresse 1010,Unassigned RAM Address / Reserved Channel 1010,,,,,
1011,Freie RAM-Zelle / Reserviert,Nicht belegter Kanal / Adresse 1011,Unassigned RAM Address / Reserved Channel 1011,,,,,
1012,Freie RAM-Zelle / Reserviert,Nicht belegter Kanal / Adresse 1012,Unassigned RAM Address / Reserved Channel 1012,,,,,
1013,Freie RAM-Zelle / Reserviert,Nicht belegter Kanal / Adresse 1013,Unassigned RAM Address / Reserved Channel 1013,,,,,
1014,Freie RAM-Zelle / Reserviert,Nicht belegter Kanal / Adresse 1014,Unassigned RAM Address / Reserved Channel 1014,,,,,
1015,Freie RAM-Zelle / Reserviert,Nicht belegter Kanal / Adresse 1015,Unassigned RAM Address / Reserved Channel 1015,,,,,
1016,Freie RAM-Zelle / Reserviert,Nicht belegter Kanal / Adresse 1016,Unassigned RAM Address / Reserved Channel 1016,,,,,
1017,Freie RAM-Zelle / Reserviert,Nicht belegter Kanal / Adresse 1017,Unassigned RAM Address / Reserved Channel 1017,,,,,
1018,Freie RAM-Zelle / Reserviert,Nicht belegter Kanal / Adresse 1018,Unassigned RAM Address / Reserved Channel 1018,,,,,
1019,Freie RAM-Zelle / Reserviert,Nicht belegter Kanal / Adresse 1019,Unassigned RAM Address / Reserved Channel 1019,,,,,
1020,Freie RAM-Zelle / Reserviert,Nicht belegter Kanal / Adresse 1020,Unassigned RAM Address / Reserved Channel 1020,,,,,
1021,Freie RAM-Zelle / Reserviert,Nicht belegter Kanal / Adresse 1021,Unassigned RAM Address / Reserved Channel 1021,,,,,
1022,Freie RAM-Zelle / Reserviert,Nicht belegter Kanal / Adresse 1022,Unassigned RAM Address / Reserved Channel 1022,,,,,
1023,Freie RAM-Zelle / Reserviert,Nicht belegter Kanal / Adresse 1023,Unassigned RAM Address / Reserved Channel 1023,,,,,
1024,Freie RAM-Zelle / Reserviert,Nicht belegter Kanal / Adresse 1024,Unassigned RAM Address / Reserved Channel 1024,,,,,
1025,Freie RAM-Zelle / Reserviert,Nicht belegter Kanal / Adresse 1025,Unassigned RAM Address / Reserved Channel 1025,,,,,
1026,Freie RAM-Zelle / Reserviert,Nicht belegter Kanal / Adresse 1026,Unassigned RAM Address / Reserved Channel 1026,,,,,
1027,Freie RAM-Zelle / Reserviert,Nicht belegter Kanal / Adresse 1027,Unassigned RAM Address / Reserved Channel 1027,,,,,
1028,Freie RAM-Zelle / Reserviert,Nicht belegter Kanal / Adresse 1028,Unassigned RAM Address / Reserved Channel 1028,,,,,
1029,Freie RAM-Zelle / Reserviert,Nicht belegter Kanal / Adresse 1029,Unassigned RAM Address / Reserved Channel 1029,,,,,
1030,Freie RAM-Zelle / Reserviert,Nicht belegter Kanal / Adresse 1030,Unassigned RAM Address / Reserved Channel 1030,,,,,
1031,Freie RAM-Zelle / Reserviert,Nicht belegter Kanal / Adresse 1031,Unassigned RAM Address / Reserved Channel 1031,,,,,
1032,Freie RAM-Zelle / Reserviert,Nicht belegter Kanal / Adresse 1032,Unassigned RAM Address / Reserved Channel 1032,,,,,
1033,Freie RAM-Zelle / Reserviert,Nicht belegter Kanal / Adresse 1033,Unassigned RAM Address / Reserved Channel 1033,,,,,
1034,Freie RAM-Zelle / Reserviert,Nicht belegter Kanal / Adresse 1034,Unassigned RAM Address / Reserved Channel 1034,,,,,
1035,Freie RAM-Zelle / Reserviert,Nicht belegter Kanal / Adresse 1035,Unassigned RAM Address / Reserved Channel 1035,,,,,
1036,Freie RAM-Zelle / Reserviert,Nicht belegter Kanal / Adresse 1036,Unassigned RAM Address / Reserved Channel 1036,,,,,
1037,Freie RAM-Zelle / Reserviert,Nicht belegter Kanal / Adresse 1037,Unassigned RAM Address / Reserved Channel 1037,,,,,
1038,Freie RAM-Zelle / Reserviert,Nicht belegter Kanal / Adresse 1038,Unassigned RAM Address / Reserved Channel 1038,,,,,
1039,Freie RAM-Zelle / Reserviert,Nicht belegter Kanal / Adresse 1039,Unassigned RAM Address / Reserved Channel 1039,,,,,
1040,Freie RAM-Zelle / Reserviert,Nicht belegter Kanal / Adresse 1040,Unassigned RAM Address / Reserved Channel 1040,,,,,
1041,Freie RAM-Zelle / Reserviert,Nicht belegter Kanal / Adresse 1041,Unassigned RAM Address / Reserved Channel 1041,,,,,
1042,Freie RAM-Zelle / Reserviert,Nicht belegter Kanal / Adresse 1042,Unassigned RAM Address / Reserved Channel 1042,,,,,
1043,Freie RAM-Zelle / Reserviert,Nicht belegter Kanal / Adresse 1043,Unassigned RAM Address / Reserved Channel 1043,,,,,
1044,Freie RAM-Zelle / Reserviert,Nicht belegter Kanal / Adresse 1044,Unassigned RAM Address / Reserved Channel 1044,,,,,
1045,Freie RAM-Zelle / Reserviert,Nicht belegter Kanal / Adresse 1045,Unassigned RAM Address / Reserved Channel 1045,,,,,
1046,Freie RAM-Zelle / Reserviert,Nicht belegter Kanal / Adresse 1046,Unassigned RAM Address / Reserved Channel 1046,,,,,
1047,Freie RAM-Zelle / Reserviert,Nicht belegter Kanal / Adresse 1047,Unassigned RAM Address / Reserved Channel 1047,,,,,
1048,Freie RAM-Zelle / Reserviert,Nicht belegter Kanal / Adresse 1048,Unassigned RAM Address / Reserved Channel 1048,,,,,
1049,Freie RAM-Zelle / Reserviert,Nicht belegter Kanal / Adresse 1049,Unassigned RAM Address / Reserved Channel 1049,,,,,
1050,Freie RAM-Zelle / Reserviert,Nicht belegter Kanal / Adresse 1050,Unassigned RAM Address / Reserved Channel 1050,,,,,
1051,Freie RAM-Zelle / Reserviert,Nicht belegter Kanal / Adresse 1051,Unassigned RAM Address / Reserved Channel 1051,,,,,
1052,Freie RAM-Zelle / Reserviert,Nicht belegter Kanal / Adresse 1052,Unassigned RAM Address / Reserved Channel 1052,,,,,
1053,Freie RAM-Zelle / Reserviert,Nicht belegter Kanal / Adresse 1053,Unassigned RAM Address / Reserved Channel 1053,,,,,
1054,Freie RAM-Zelle / Reserviert,Nicht belegter Kanal / Adresse 1054,Unassigned RAM Address / Reserved Channel 1054,,,,,
1055,Freie RAM-Zelle / Reserviert,Nicht belegter Kanal / Adresse 1055,Unassigned RAM Address / Reserved Channel 1055,,,,,
1056,Freie RAM-Zelle / Reserviert,Nicht belegter Kanal / Adresse 1056,Unassigned RAM Address / Reserved Channel 1056,,,,,
1057,Freie RAM-Zelle / Reserviert,Nicht belegter Kanal / Adresse 1057,Unassigned RAM Address / Reserved Channel 1057,,,,,
1058,Freie RAM-Zelle / Reserviert,Nicht belegter Kanal / Adresse 1058,Unassigned RAM Address / Reserved Channel 1058,,,,,
1059,Freie RAM-Zelle / Reserviert,Nicht belegter Kanal / Adresse 1059,Unassigned RAM Address / Reserved Channel 1059,,,,,
1060,Freie RAM-Zelle / Reserviert,Nicht belegter Kanal / Adresse 1060,Unassigned RAM Address / Reserved Channel 1060,,,,,
1061,Freie RAM-Zelle / Reserviert,Nicht belegter Kanal / Adresse 1061,Unassigned RAM Address / Reserved Channel 1061,,,,,
1062,Freie RAM-Zelle / Reserviert,Nicht belegter Kanal / Adresse 1062,Unassigned RAM Address / Reserved Channel 1062,,,,,
1063,Freie RAM-Zelle / Reserviert,Nicht belegter Kanal / Adresse 1063,Unassigned RAM Address / Reserved Channel 1063,,,,,
1064,Freie RAM-Zelle / Reserviert,Nicht belegter Kanal / Adresse 1064,Unassigned RAM Address / Reserved Channel 1064,,,,,
1065,Freie RAM-Zelle / Reserviert,Nicht belegter Kanal / Adresse 1065,Unassigned RAM Address / Reserved Channel 1065,,,,,
1066,Freie RAM-Zelle / Reserviert,Nicht belegter Kanal / Adresse 1066,Unassigned RAM Address / Reserved Channel 1066,,,,,
1067,Freie RAM-Zelle / Reserviert,Nicht belegter Kanal / Adresse 1067,Unassigned RAM Address / Reserved Channel 1067,,,,,
1068,Freie RAM-Zelle / Reserviert,Nicht belegter Kanal / Adresse 1068,Unassigned RAM Address / Reserved Channel 1068,,,,,
1069,Freie RAM-Zelle / Reserviert,Nicht belegter Kanal / Adresse 1069,Unassigned RAM Address / Reserved Channel 1069,,,,,
1070,Freie RAM-Zelle / Reserviert,Nicht belegter Kanal / Adresse 1070,Unassigned RAM Address / Reserved Channel 1070,,,,,
1071,Freie RAM-Zelle / Reserviert,Nicht belegter Kanal / Adresse 1071,Unassigned RAM Address / Reserved Channel 1071,,,,,
1072,Freie RAM-Zelle / Reserviert,Nicht belegter Kanal / Adresse 1072,Unassigned RAM Address / Reserved Channel 1072,,,,,
1073,Freie RAM-Zelle / Reserviert,Nicht belegter Kanal / Adresse 1073,Unassigned RAM Address / Reserved Channel 1073,,,,,
1074,Freie RAM-Zelle / Reserviert,Nicht belegter Kanal / Adresse 1074,Unassigned RAM Address / Reserved Channel 1074,,,,,
1075,Freie RAM-Zelle / Reserviert,Nicht belegter Kanal / Adresse 1075,Unassigned RAM Address / Reserved Channel 1075,,,,,
1076,Freie RAM-Zelle / Reserviert,Nicht belegter Kanal / Adresse 1076,Unassigned RAM Address / Reserved Channel 1076,,,,,
1077,Freie RAM-Zelle / Reserviert,Nicht belegter Kanal / Adresse 1077,Unassigned RAM Address / Reserved Channel 1077,,,,,
1078,Freie RAM-Zelle / Reserviert,Nicht belegter Kanal / Adresse 1078,Unassigned RAM Address / Reserved Channel 1078,,,,,
1079,Freie RAM-Zelle / Reserviert,Nicht belegter Kanal / Adresse 1079,Unassigned RAM Address / Reserved Channel 1079,,,,,
1080,Freie RAM-Zelle / Reserviert,Nicht belegter Kanal / Adresse 1080,Unassigned RAM Address / Reserved Channel 1080,,,,,
1081,Freie RAM-Zelle / Reserviert,Nicht belegter Kanal / Adresse 1081,Unassigned RAM Address / Reserved Channel 1081,,,,,
1082,Freie RAM-Zelle / Reserviert,Nicht belegter Kanal / Adresse 1082,Unassigned RAM Address / Reserved Channel 1082,,,,,
1083,Freie RAM-Zelle / Reserviert,Nicht belegter Kanal / Adresse 1083,Unassigned RAM Address / Reserved Channel 1083,,,,,
1084,Freie RAM-Zelle / Reserviert,Nicht belegter Kanal / Adresse 1084,Unassigned RAM Address / Reserved Channel 1084,,,,,
1085,Freie RAM-Zelle / Reserviert,Nicht belegter Kanal / Adresse 1085,Unassigned RAM Address / Reserved Channel 1085,,,,,
1086,Freie RAM-Zelle / Reserviert,Nicht belegter Kanal / Adresse 1086,Unassigned RAM Address / Reserved Channel 1086,,,,,
1087,Freie RAM-Zelle / Reserviert,Nicht belegter Kanal / Adresse 1087,Unassigned RAM Address / Reserved Channel 1087,,,,,
1088,Freie RAM-Zelle / Reserviert,Nicht belegter Kanal / Adresse 1088,Unassigned RAM Address / Reserved Channel 1088,,,,,
1089,Freie RAM-Zelle / Reserviert,Nicht belegter Kanal / Adresse 1089,Unassigned RAM Address / Reserved Channel 1089,,,,,
1090,Freie RAM-Zelle / Reserviert,Nicht belegter Kanal / Adresse 1090,Unassigned RAM Address / Reserved Channel 1090,,,,,
1091,Freie RAM-Zelle / Reserviert,Nicht belegter Kanal / Adresse 1091,Unassigned RAM Address / Reserved Channel 1091,,,,,
1092,Freie RAM-Zelle / Reserviert,Nicht belegter Kanal / Adresse 1092,Unassigned RAM Address / Reserved Channel 1092,,,,,
1093,Freie RAM-Zelle / Reserviert,Nicht belegter Kanal / Adresse 1093,Unassigned RAM Address / Reserved Channel 1093,,,,,
1094,Freie RAM-Zelle / Reserviert,Nicht belegter Kanal / Adresse 1094,Unassigned RAM Address / Reserved Channel 1094,,,,,
1095,Freie RAM-Zelle / Reserviert,Nicht belegter Kanal / Adresse 1095,Unassigned RAM Address / Reserved Channel 1095,,,,,
1096,Freie RAM-Zelle / Reserviert,Nicht belegter Kanal / Adresse 1096,Unassigned RAM Address / Reserved Channel 1096,,,,,
1097,Freie RAM-Zelle / Reserviert,Nicht belegter Kanal / Adresse 1097,Unassigned RAM Address / Reserved Channel 1097,,,,,
1098,Freie RAM-Zelle / Reserviert,Nicht belegter Kanal / Adresse 1098,Unassigned RAM Address / Reserved Channel 1098,,,,,
1099,Freie RAM-Zelle / Reserviert,Nicht belegter Kanal / Adresse 1099,Unassigned RAM Address / Reserved Channel 1099,,,,,
1100,Freie RAM-Zelle / Reserviert,Nicht belegter Kanal / Adresse 1100,Unassigned RAM Address / Reserved Channel 1100,,,,,
1101,Freie RAM-Zelle / Reserviert,Nicht belegter Kanal / Adresse 1101,Unassigned RAM Address / Reserved Channel 1101,,,,,
1102,Freie RAM-Zelle / Reserviert,Nicht belegter Kanal / Adresse 1102,Unassigned RAM Address / Reserved Channel 1102,,,,,
1103,Freie RAM-Zelle / Reserviert,Nicht belegter Kanal / Adresse 1103,Unassigned RAM Address / Reserved Channel 1103,,,,,
1104,Freie RAM-Zelle / Reserviert,Nicht belegter Kanal / Adresse 1104,Unassigned RAM Address / Reserved Channel 1104,,,,,
1105,Freie RAM-Zelle / Reserviert,Nicht belegter Kanal / Adresse 1105,Unassigned RAM Address / Reserved Channel 1105,,,,,
1106,Freie RAM-Zelle / Reserviert,Nicht belegter Kanal / Adresse 1106,Unassigned RAM Address / Reserved Channel 1106,,,,,
1107,Freie RAM-Zelle / Reserviert,Nicht belegter Kanal / Adresse 1107,Unassigned RAM Address / Reserved Channel 1107,,,,,
1108,Freie RAM-Zelle / Reserviert,Nicht belegter Kanal / Adresse 1108,Unassigned RAM Address / Reserved Channel 1108,,,,,
1109,Freie RAM-Zelle / Reserviert,Nicht belegter Kanal / Adresse 1109,Unassigned RAM Address / Reserved Channel 1109,,,,,
1110,Freie RAM-Zelle / Reserviert,Nicht belegter Kanal / Adresse 1110,Unassigned RAM Address / Reserved Channel 1110,,,,,
1111,Freie RAM-Zelle / Reserviert,Nicht belegter Kanal / Adresse 1111,Unassigned RAM Address / Reserved Channel 1111,,,,,
1112,Freie RAM-Zelle / Reserviert,Nicht belegter Kanal / Adresse 1112,Unassigned RAM Address / Reserved Channel 1112,,,,,
1113,Freie RAM-Zelle / Reserviert,Nicht belegter Kanal / Adresse 1113,Unassigned RAM Address / Reserved Channel 1113,,,,,
1114,Freie RAM-Zelle / Reserviert,Nicht belegter Kanal / Adresse 1114,Unassigned RAM Address / Reserved Channel 1114,,,,,
1115,Freie RAM-Zelle / Reserviert,Nicht belegter Kanal / Adresse 1115,Unassigned RAM Address / Reserved Channel 1115,,,,,
1116,Freie RAM-Zelle / Reserviert,Nicht belegter Kanal / Adresse 1116,Unassigned RAM Address / Reserved Channel 1116,,,,,
1117,Freie RAM-Zelle / Reserviert,Nicht belegter Kanal / Adresse 1117,Unassigned RAM Address / Reserved Channel 1117,,,,,
1118,Freie RAM-Zelle / Reserviert,Nicht belegter Kanal / Adresse 1118,Unassigned RAM Address / Reserved Channel 1118,,,,,
1119,Freie RAM-Zelle / Reserviert,Nicht belegter Kanal / Adresse 1119,Unassigned RAM Address / Reserved Channel 1119,,,,,
1120,Freie RAM-Zelle / Reserviert,Nicht belegter Kanal / Adresse 1120,Unassigned RAM Address / Reserved Channel 1120,,,,,
1121,Freie RAM-Zelle / Reserviert,Nicht belegter Kanal / Adresse 1121,Unassigned RAM Address / Reserved Channel 1121,,,,,
1122,Freie RAM-Zelle / Reserviert,Nicht belegter Kanal / Adresse 1122,Unassigned RAM Address / Reserved Channel 1122,,,,,
1123,Freie RAM-Zelle / Reserviert,Nicht belegter Kanal / Adresse 1123,Unassigned RAM Address / Reserved Channel 1123,,,,,
1124,Freie RAM-Zelle / Reserviert,Nicht belegter Kanal / Adresse 1124,Unassigned RAM Address / Reserved Channel 1124,,,,,
1125,Freie RAM-Zelle / Reserviert,Nicht belegter Kanal / Adresse 1125,Unassigned RAM Address / Reserved Channel 1125,,,,,
1126,Freie RAM-Zelle / Reserviert,Nicht belegter Kanal / Adresse 1126,Unassigned RAM Address / Reserved Channel 1126,,,,,
1127,Freie RAM-Zelle / Reserviert,Nicht belegter Kanal / Adresse 1127,Unassigned RAM Address / Reserved Channel 1127,,,,,
1128,Freie RAM-Zelle / Reserviert,Nicht belegter Kanal / Adresse 1128,Unassigned RAM Address / Reserved Channel 1128,,,,,
1129,Freie RAM-Zelle / Reserviert,Nicht belegter Kanal / Adresse 1129,Unassigned RAM Address / Reserved Channel 1129,,,,,
1130,Freie RAM-Zelle / Reserviert,Nicht belegter Kanal / Adresse 1130,Unassigned RAM Address / Reserved Channel 1130,,,,,
1131,Freie RAM-Zelle / Reserviert,Nicht belegter Kanal / Adresse 1131,Unassigned RAM Address / Reserved Channel 1131,,,,,
1132,Freie RAM-Zelle / Reserviert,Nicht belegter Kanal / Adresse 1132,Unassigned RAM Address / Reserved Channel 1132,,,,,
1133,Freie RAM-Zelle / Reserviert,Nicht belegter Kanal / Adresse 1133,Unassigned RAM Address / Reserved Channel 1133,,,,,
1134,Freie RAM-Zelle / Reserviert,Nicht belegter Kanal / Adresse 1134,Unassigned RAM Address / Reserved Channel 1134,,,,,
1135,Freie RAM-Zelle / Reserviert,Nicht belegter Kanal / Adresse 1135,Unassigned RAM Address / Reserved Channel 1135,,,,,
1136,Freie RAM-Zelle / Reserviert,Nicht belegter Kanal / Adresse 1136,Unassigned RAM Address / Reserved Channel 1136,,,,,
1137,Freie RAM-Zelle / Reserviert,Nicht belegter Kanal / Adresse 1137,Unassigned RAM Address / Reserved Channel 1137,,,,,
1138,Freie RAM-Zelle / Reserviert,Nicht belegter Kanal / Adresse 1138,Unassigned RAM Address / Reserved Channel 1138,,,,,
1139,Freie RAM-Zelle / Reserviert,Nicht belegter Kanal / Adresse 1139,Unassigned RAM Address / Reserved Channel 1139,,,,,
1140,Freie RAM-Zelle / Reserviert,Nicht belegter Kanal / Adresse 1140,Unassigned RAM Address / Reserved Channel 1140,,,,,
1141,Freie RAM-Zelle / Reserviert,Nicht belegter Kanal / Adresse 1141,Unassigned RAM Address / Reserved Channel 1141,,,,,
1142,Freie RAM-Zelle / Reserviert,Nicht belegter Kanal / Adresse 1142,Unassigned RAM Address / Reserved Channel 1142,,,,,
1143,Freie RAM-Zelle / Reserviert,Nicht belegter Kanal / Adresse 1143,Unassigned RAM Address / Reserved Channel 1143,,,,,
1144,Freie RAM-Zelle / Reserviert,Nicht belegter Kanal / Adresse 1144,Unassigned RAM Address / Reserved Channel 1144,,,,,
1145,Freie RAM-Zelle / Reserviert,Nicht belegter Kanal / Adresse 1145,Unassigned RAM Address / Reserved Channel 1145,,,,,
1146,Freie RAM-Zelle / Reserviert,Nicht belegter Kanal / Adresse 1146,Unassigned RAM Address / Reserved Channel 1146,,,,,
1147,Freie RAM-Zelle / Reserviert,Nicht belegter Kanal / Adresse 1147,Unassigned RAM Address / Reserved Channel 1147,,,,,
1148,Freie RAM-Zelle / Reserviert,Nicht belegter Kanal / Adresse 1148,Unassigned RAM Address / Reserved Channel 1148,,,,,
1149,Freie RAM-Zelle / Reserviert,Nicht belegter Kanal / Adresse 1149,Unassigned RAM Address / Reserved Channel 1149,,,,,
1150,Freie RAM-Zelle / Reserviert,Nicht belegter Kanal / Adresse 1150,Unassigned RAM Address / Reserved Channel 1150,,,,,
1151,Freie RAM-Zelle / Reserviert,Nicht belegter Kanal / Adresse 1151,Unassigned RAM Address / Reserved Channel 1151,,,,,
1152,Freie RAM-Zelle / Reserviert,Nicht belegter Kanal / Adresse 1152,Unassigned RAM Address / Reserved Channel 1152,,,,,
1153,Freie RAM-Zelle / Reserviert,Nicht belegter Kanal / Adresse 1153,Unassigned RAM Address / Reserved Channel 1153,,,,,
1154,Freie RAM-Zelle / Reserviert,Nicht belegter Kanal / Adresse 1154,Unassigned RAM Address / Reserved Channel 1154,,,,,
1155,Freie RAM-Zelle / Reserviert,Nicht belegter Kanal / Adresse 1155,Unassigned RAM Address / Reserved Channel 1155,,,,,
1156,Freie RAM-Zelle / Reserviert,Nicht belegter Kanal / Adresse 1156,Unassigned RAM Address / Reserved Channel 1156,,,,,
1157,Freie RAM-Zelle / Reserviert,Nicht belegter Kanal / Adresse 1157,Unassigned RAM Address / Reserved Channel 1157,,,,,
1158,Freie RAM-Zelle / Reserviert,Nicht belegter Kanal / Adresse 1158,Unassigned RAM Address / Reserved Channel 1158,,,,,
1159,Freie RAM-Zelle / Reserviert,Nicht belegter Kanal / Adresse 1159,Unassigned RAM Address / Reserved Channel 1159,,,,,
1160,Freie RAM-Zelle / Reserviert,Nicht belegter Kanal / Adresse 1160,Unassigned RAM Address / Reserved Channel 1160,,,,,
1161,Freie RAM-Zelle / Reserviert,Nicht belegter Kanal / Adresse 1161,Unassigned RAM Address / Reserved Channel 1161,,,,,
1162,Freie RAM-Zelle / Reserviert,Nicht belegter Kanal / Adresse 1162,Unassigned RAM Address / Reserved Channel 1162,,,,,
1163,Freie RAM-Zelle / Reserviert,Nicht belegter Kanal / Adresse 1163,Unassigned RAM Address / Reserved Channel 1163,,,,,
1164,Freie RAM-Zelle / Reserviert,Nicht belegter Kanal / Adresse 1164,Unassigned RAM Address / Reserved Channel 1164,,,,,
1165,Freie RAM-Zelle / Reserviert,Nicht belegter Kanal / Adresse 1165,Unassigned RAM Address / Reserved Channel 1165,,,,,
1166,Freie RAM-Zelle / Reserviert,Nicht belegter Kanal / Adresse 1166,Unassigned RAM Address / Reserved Channel 1166,,,,,
1167,Freie RAM-Zelle / Reserviert,Nicht belegter Kanal / Adresse 1167,Unassigned RAM Address / Reserved Channel 1167,,,,,
1168,Freie RAM-Zelle / Reserviert,Nicht belegter Kanal / Adresse 1168,Unassigned RAM Address / Reserved Channel 1168,,,,,
1169,Freie RAM-Zelle / Reserviert,Nicht belegter Kanal / Adresse 1169,Unassigned RAM Address / Reserved Channel 1169,,,,,
1170,Freie RAM-Zelle / Reserviert,Nicht belegter Kanal / Adresse 1170,Unassigned RAM Address / Reserved Channel 1170,,,,,
1171,Freie RAM-Zelle / Reserviert,Nicht belegter Kanal / Adresse 1171,Unassigned RAM Address / Reserved Channel 1171,,,,,
1172,Freie RAM-Zelle / Reserviert,Nicht belegter Kanal / Adresse 1172,Unassigned RAM Address / Reserved Channel 1172,,,,,
1173,Freie RAM-Zelle / Reserviert,Nicht belegter Kanal / Adresse 1173,Unassigned RAM Address / Reserved Channel 1173,,,,,
1174,Freie RAM-Zelle / Reserviert,Nicht belegter Kanal / Adresse 1174,Unassigned RAM Address / Reserved Channel 1174,,,,,
1175,Freie RAM-Zelle / Reserviert,Nicht belegter Kanal / Adresse 1175,Unassigned RAM Address / Reserved Channel 1175,,,,,
1176,Freie RAM-Zelle / Reserviert,Nicht belegter Kanal / Adresse 1176,Unassigned RAM Address / Reserved Channel 1176,,,,,
1177,Freie RAM-Zelle / Reserviert,Nicht belegter Kanal / Adresse 1177,Unassigned RAM Address / Reserved Channel 1177,,,,,
1178,Freie RAM-Zelle / Reserviert,Nicht belegter Kanal / Adresse 1178,Unassigned RAM Address / Reserved Channel 1178,,,,,
1179,Freie RAM-Zelle / Reserviert,Nicht belegter Kanal / Adresse 1179,Unassigned RAM Address / Reserved Channel 1179,,,,,
1180,Freie RAM-Zelle / Reserviert,Nicht belegter Kanal / Adresse 1180,Unassigned RAM Address / Reserved Channel 1180,,,,,
1181,Freie RAM-Zelle / Reserviert,Nicht belegter Kanal / Adresse 1181,Unassigned RAM Address / Reserved Channel 1181,,,,,
1182,Freie RAM-Zelle / Reserviert,Nicht belegter Kanal / Adresse 1182,Unassigned RAM Address / Reserved Channel 1182,,,,,
1183,Freie RAM-Zelle / Reserviert,Nicht belegter Kanal / Adresse 1183,Unassigned RAM Address / Reserved Channel 1183,,,,,
1184,Freie RAM-Zelle / Reserviert,Nicht belegter Kanal / Adresse 1184,Unassigned RAM Address / Reserved Channel 1184,,,,,
1185,Freie RAM-Zelle / Reserviert,Nicht belegter Kanal / Adresse 1185,Unassigned RAM Address / Reserved Channel 1185,,,,,
1186,Freie RAM-Zelle / Reserviert,Nicht belegter Kanal / Adresse 1186,Unassigned RAM Address / Reserved Channel 1186,,,,,
1187,Freie RAM-Zelle / Reserviert,Nicht belegter Kanal / Adresse 1187,Unassigned RAM Address / Reserved Channel 1187,,,,,
1188,Freie RAM-Zelle / Reserviert,Nicht belegter Kanal / Adresse 1188,Unassigned RAM Address / Reserved Channel 1188,,,,,
1189,Freie RAM-Zelle / Reserviert,Nicht belegter Kanal / Adresse 1189,Unassigned RAM Address / Reserved Channel 1189,,,,,
1190,Freie RAM-Zelle / Reserviert,Nicht belegter Kanal / Adresse 1190,Unassigned RAM Address / Reserved Channel 1190,,,,,
1191,Freie RAM-Zelle / Reserviert,Nicht belegter Kanal / Adresse 1191,Unassigned RAM Address / Reserved Channel 1191,,,,,
1192,Freie RAM-Zelle / Reserviert,Nicht belegter Kanal / Adresse 1192,Unassigned RAM Address / Reserved Channel 1192,,,,,
1193,Freie RAM-Zelle / Reserviert,Nicht belegter Kanal / Adresse 1193,Unassigned RAM Address / Reserved Channel 1193,,,,,
1194,Freie RAM-Zelle / Reserviert,Nicht belegter Kanal / Adresse 1194,Unassigned RAM Address / Reserved Channel 1194,,,,,
1195,Freie RAM-Zelle / Reserviert,Nicht belegter Kanal / Adresse 1195,Unassigned RAM Address / Reserved Channel 1195,,,,,
1196,Freie RAM-Zelle / Reserviert,Nicht belegter Kanal / Adresse 1196,Unassigned RAM Address / Reserved Channel 1196,,,,,
1197,Freie RAM-Zelle / Reserviert,Nicht belegter Kanal / Adresse 1197,Unassigned RAM Address / Reserved Channel 1197,,,,,
1198,Freie RAM-Zelle / Reserviert,Nicht belegter Kanal / Adresse 1198,Unassigned RAM Address / Reserved Channel 1198,,,,,
1199,Freie RAM-Zelle / Reserviert,Nicht belegter Kanal / Adresse 1199,Unassigned RAM Address / Reserved Channel 1199,,,,,
1200,Freie RAM-Zelle / Reserviert,Nicht belegter Kanal / Adresse 1200,Unassigned RAM Address / Reserved Channel 1200,,,,,
1201,Freie RAM-Zelle / Reserviert,Nicht belegter Kanal / Adresse 1201,Unassigned RAM Address / Reserved Channel 1201,,,,,
1202,Freie RAM-Zelle / Reserviert,Nicht belegter Kanal / Adresse 1202,Unassigned RAM Address / Reserved Channel 1202,,,,,
1203,Freie RAM-Zelle / Reserviert,Nicht belegter Kanal / Adresse 1203,Unassigned RAM Address / Reserved Channel 1203,,,,,
1204,Freie RAM-Zelle / Reserviert,Nicht belegter Kanal / Adresse 1204,Unassigned RAM Address / Reserved Channel 1204,,,,,
1205,Freie RAM-Zelle / Reserviert,Nicht belegter Kanal / Adresse 1205,Unassigned RAM Address / Reserved Channel 1205,,,,,
1206,Freie RAM-Zelle / Reserviert,Nicht belegter Kanal / Adresse 1206,Unassigned RAM Address / Reserved Channel 1206,,,,,
1207,Freie RAM-Zelle / Reserviert,Nicht belegter Kanal / Adresse 1207,Unassigned RAM Address / Reserved Channel 1207,,,,,
1208,Freie RAM-Zelle / Reserviert,Nicht belegter Kanal / Adresse 1208,Unassigned RAM Address / Reserved Channel 1208,,,,,
1209,Freie RAM-Zelle / Reserviert,Nicht belegter Kanal / Adresse 1209,Unassigned RAM Address / Reserved Channel 1209,,,,,
1210,Freie RAM-Zelle / Reserviert,Nicht belegter Kanal / Adresse 1210,Unassigned RAM Address / Reserved Channel 1210,,,,,
1211,Freie RAM-Zelle / Reserviert,Nicht belegter Kanal / Adresse 1211,Unassigned RAM Address / Reserved Channel 1211,,,,,
1212,Freie RAM-Zelle / Reserviert,Nicht belegter Kanal / Adresse 1212,Unassigned RAM Address / Reserved Channel 1212,,,,,
1213,Freie RAM-Zelle / Reserviert,Nicht belegter Kanal / Adresse 1213,Unassigned RAM Address / Reserved Channel 1213,,,,,
1214,Freie RAM-Zelle / Reserviert,Nicht belegter Kanal / Adresse 1214,Unassigned RAM Address / Reserved Channel 1214,,,,,
1215,Freie RAM-Zelle / Reserviert,Nicht belegter Kanal / Adresse 1215,Unassigned RAM Address / Reserved Channel 1215,,,,,
1216,Freie RAM-Zelle / Reserviert,Nicht belegter Kanal / Adresse 1216,Unassigned RAM Address / Reserved Channel 1216,,,,,
1217,Freie RAM-Zelle / Reserviert,Nicht belegter Kanal / Adresse 1217,Unassigned RAM Address / Reserved Channel 1217,,,,,
1218,Freie RAM-Zelle / Reserviert,Nicht belegter Kanal / Adresse 1218,Unassigned RAM Address / Reserved Channel 1218,,,,,
1219,Freie RAM-Zelle / Reserviert,Nicht belegter Kanal / Adresse 1219,Unassigned RAM Address / Reserved Channel 1219,,,,,
1220,Freie RAM-Zelle / Reserviert,Nicht belegter Kanal / Adresse 1220,Unassigned RAM Address / Reserved Channel 1220,,,,,
1221,Freie RAM-Zelle / Reserviert,Nicht belegter Kanal / Adresse 1221,Unassigned RAM Address / Reserved Channel 1221,,,,,
1222,Freie RAM-Zelle / Reserviert,Nicht belegter Kanal / Adresse 1222,Unassigned RAM Address / Reserved Channel 1222,,,,,
1223,Freie RAM-Zelle / Reserviert,Nicht belegter Kanal / Adresse 1223,Unassigned RAM Address / Reserved Channel 1223,,,,,
1224,Freie RAM-Zelle / Reserviert,Nicht belegter Kanal / Adresse 1224,Unassigned RAM Address / Reserved Channel 1224,,,,,
1225,Freie RAM-Zelle / Reserviert,Nicht belegter Kanal / Adresse 1225,Unassigned RAM Address / Reserved Channel 1225,,,,,
1226,Freie RAM-Zelle / Reserviert,Nicht belegter Kanal / Adresse 1226,Unassigned RAM Address / Reserved Channel 1226,,,,,
1227,Freie RAM-Zelle / Reserviert,Nicht belegter Kanal / Adresse 1227,Unassigned RAM Address / Reserved Channel 1227,,,,,
1228,Freie RAM-Zelle / Reserviert,Nicht belegter Kanal / Adresse 1228,Unassigned RAM Address / Reserved Channel 1228,,,,,
1229,Freie RAM-Zelle / Reserviert,Nicht belegter Kanal / Adresse 1229,Unassigned RAM Address / Reserved Channel 1229,,,,,
1230,Freie RAM-Zelle / Reserviert,Nicht belegter Kanal / Adresse 1230,Unassigned RAM Address / Reserved Channel 1230,,,,,
1231,Freie RAM-Zelle / Reserviert,Nicht belegter Kanal / Adresse 1231,Unassigned RAM Address / Reserved Channel 1231,,,,,
1232,Freie RAM-Zelle / Reserviert,Nicht belegter Kanal / Adresse 1232,Unassigned RAM Address / Reserved Channel 1232,,,,,
1233,Freie RAM-Zelle / Reserviert,Nicht belegter Kanal / Adresse 1233,Unassigned RAM Address / Reserved Channel 1233,,,,,
1234,Freie RAM-Zelle / Reserviert,Nicht belegter Kanal / Adresse 1234,Unassigned RAM Address / Reserved Channel 1234,,,,,
1235,Freie RAM-Zelle / Reserviert,Nicht belegter Kanal / Adresse 1235,Unassigned RAM Address / Reserved Channel 1235,,,,,
1236,Freie RAM-Zelle / Reserviert,Nicht belegter Kanal / Adresse 1236,Unassigned RAM Address / Reserved Channel 1236,,,,,
1237,Freie RAM-Zelle / Reserviert,Nicht belegter Kanal / Adresse 1237,Unassigned RAM Address / Reserved Channel 1237,,,,,
1238,Freie RAM-Zelle / Reserviert,Nicht belegter Kanal / Adresse 1238,Unassigned RAM Address / Reserved Channel 1238,,,,,
1239,Freie RAM-Zelle / Reserviert,Nicht belegter Kanal / Adresse 1239,Unassigned RAM Address / Reserved Channel 1239,,,,,
1240,Freie RAM-Zelle / Reserviert,Nicht belegter Kanal / Adresse 1240,Unassigned RAM Address / Reserved Channel 1240,,,,,
1241,Freie RAM-Zelle / Reserviert,Nicht belegter Kanal / Adresse 1241,Unassigned RAM Address / Reserved Channel 1241,,,,,
1242,Freie RAM-Zelle / Reserviert,Nicht belegter Kanal / Adresse 1242,Unassigned RAM Address / Reserved Channel 1242,,,,,
1243,Freie RAM-Zelle / Reserviert,Nicht belegter Kanal / Adresse 1243,Unassigned RAM Address / Reserved Channel 1243,,,,,
1244,Freie RAM-Zelle / Reserviert,Nicht belegter Kanal / Adresse 1244,Unassigned RAM Address / Reserved Channel 1244,,,,,
1245,Freie RAM-Zelle / Reserviert,Nicht belegter Kanal / Adresse 1245,Unassigned RAM Address / Reserved Channel 1245,,,,,
1246,Freie RAM-Zelle / Reserviert,Nicht belegter Kanal / Adresse 1246,Unassigned RAM Address / Reserved Channel 1246,,,,,
1247,Freie RAM-Zelle / Reserviert,Nicht belegter Kanal / Adresse 1247,Unassigned RAM Address / Reserved Channel 1247,,,,,
1248,Freie RAM-Zelle / Reserviert,Nicht belegter Kanal / Adresse 1248,Unassigned RAM Address / Reserved Channel 1248,,,,,
1249,Freie RAM-Zelle / Reserviert,Nicht belegter Kanal / Adresse 1249,Unassigned RAM Address / Reserved Channel 1249,,,,,
1250,Freie RAM-Zelle / Reserviert,Nicht belegter Kanal / Adresse 1250,Unassigned RAM Address / Reserved Channel 1250,,,,,
1251,Freie RAM-Zelle / Reserviert,Nicht belegter Kanal / Adresse 1251,Unassigned RAM Address / Reserved Channel 1251,,,,,
1252,Freie RAM-Zelle / Reserviert,Nicht belegter Kanal / Adresse 1252,Unassigned RAM Address / Reserved Channel 1252,,,,,
1253,Freie RAM-Zelle / Reserviert,Nicht belegter Kanal / Adresse 1253,Unassigned RAM Address / Reserved Channel 1253,,,,,
1254,Freie RAM-Zelle / Reserviert,Nicht belegter Kanal / Adresse 1254,Unassigned RAM Address / Reserved Channel 1254,,,,,
1255,Freie RAM-Zelle / Reserviert,Nicht belegter Kanal / Adresse 1255,Unassigned RAM Address / Reserved Channel 1255,,,,,
1256,Freie RAM-Zelle / Reserviert,Nicht belegter Kanal / Adresse 1256,Unassigned RAM Address / Reserved Channel 1256,,,,,
1257,Freie RAM-Zelle / Reserviert,Nicht belegter Kanal / Adresse 1257,Unassigned RAM Address / Reserved Channel 1257,,,,,
1258,Freie RAM-Zelle / Reserviert,Nicht belegter Kanal / Adresse 1258,Unassigned RAM Address / Reserved Channel 1258,,,,,
1259,Freie RAM-Zelle / Reserviert,Nicht belegter Kanal / Adresse 1259,Unassigned RAM Address / Reserved Channel 1259,,,,,
1260,Freie RAM-Zelle / Reserviert,Nicht belegter Kanal / Adresse 1260,Unassigned RAM Address / Reserved Channel 1260,,,,,
1261,Freie RAM-Zelle / Reserviert,Nicht belegter Kanal / Adresse 1261,Unassigned RAM Address / Reserved Channel 1261,,,,,
1262,Freie RAM-Zelle / Reserviert,Nicht belegter Kanal / Adresse 1262,Unassigned RAM Address / Reserved Channel 1262,,,,,
1263,Freie RAM-Zelle / Reserviert,Nicht belegter Kanal / Adresse 1263,Unassigned RAM Address / Reserved Channel 1263,,,,,
1264,Freie RAM-Zelle / Reserviert,Nicht belegter Kanal / Adresse 1264,Unassigned RAM Address / Reserved Channel 1264,,,,,
1265,Freie RAM-Zelle / Reserviert,Nicht belegter Kanal / Adresse 1265,Unassigned RAM Address / Reserved Channel 1265,,,,,
1266,Freie RAM-Zelle / Reserviert,Nicht belegter Kanal / Adresse 1266,Unassigned RAM Address / Reserved Channel 1266,,,,,
1267,Freie RAM-Zelle / Reserviert,Nicht belegter Kanal / Adresse 1267,Unassigned RAM Address / Reserved Channel 1267,,,,,
1268,Freie RAM-Zelle / Reserviert,Nicht belegter Kanal / Adresse 1268,Unassigned RAM Address / Reserved Channel 1268,,,,,
1269,Freie RAM-Zelle / Reserviert,Nicht belegter Kanal / Adresse 1269,Unassigned RAM Address / Reserved Channel 1269,,,,,
1270,Freie RAM-Zelle / Reserviert,Nicht belegter Kanal / Adresse 1270,Unassigned RAM Address / Reserved Channel 1270,,,,,
1271,Freie RAM-Zelle / Reserviert,Nicht belegter Kanal / Adresse 1271,Unassigned RAM Address / Reserved Channel 1271,,,,,
1272,Freie RAM-Zelle / Reserviert,Nicht belegter Kanal / Adresse 1272,Unassigned RAM Address / Reserved Channel 1272,,,,,
1273,Freie RAM-Zelle / Reserviert,Nicht belegter Kanal / Adresse 1273,Unassigned RAM Address / Reserved Channel 1273,,,,,
1274,Freie RAM-Zelle / Reserviert,Nicht belegter Kanal / Adresse 1274,Unassigned RAM Address / Reserved Channel 1274,,,,,
1275,Freie RAM-Zelle / Reserviert,Nicht belegter Kanal / Adresse 1275,Unassigned RAM Address / Reserved Channel 1275,,,,,
1276,Freie RAM-Zelle / Reserviert,Nicht belegter Kanal / Adresse 1276,Unassigned RAM Address / Reserved Channel 1276,,,,,
1277,Freie RAM-Zelle / Reserviert,Nicht belegter Kanal / Adresse 1277,Unassigned RAM Address / Reserved Channel 1277,,,,,
1278,Freie RAM-Zelle / Reserviert,Nicht belegter Kanal / Adresse 1278,Unassigned RAM Address / Reserved Channel 1278,,,,,
1279,Freie RAM-Zelle / Reserviert,Nicht belegter Kanal / Adresse 1279,Unassigned RAM Address / Reserved Channel 1279,,,,,
1280,Freie RAM-Zelle / Reserviert,Nicht belegter Kanal / Adresse 1280,Unassigned RAM Address / Reserved Channel 1280,,,,,
1281,Freie RAM-Zelle / Reserviert,Nicht belegter Kanal / Adresse 1281,Unassigned RAM Address / Reserved Channel 1281,,,,,
1282,Freie RAM-Zelle / Reserviert,Nicht belegter Kanal / Adresse 1282,Unassigned RAM Address / Reserved Channel 1282,,,,,
1283,Freie RAM-Zelle / Reserviert,Nicht belegter Kanal / Adresse 1283,Unassigned RAM Address / Reserved Channel 1283,,,,,
1284,Freie RAM-Zelle / Reserviert,Nicht belegter Kanal / Adresse 1284,Unassigned RAM Address / Reserved Channel 1284,,,,,
1285,Freie RAM-Zelle / Reserviert,Nicht belegter Kanal / Adresse 1285,Unassigned RAM Address / Reserved Channel 1285,,,,,
1286,Freie RAM-Zelle / Reserviert,Nicht belegter Kanal / Adresse 1286,Unassigned RAM Address / Reserved Channel 1286,,,,,
1287,Freie RAM-Zelle / Reserviert,Nicht belegter Kanal / Adresse 1287,Unassigned RAM Address / Reserved Channel 1287,,,,,
1288,Freie RAM-Zelle / Reserviert,Nicht belegter Kanal / Adresse 1288,Unassigned RAM Address / Reserved Channel 1288,,,,,
1289,Freie RAM-Zelle / Reserviert,Nicht belegter Kanal / Adresse 1289,Unassigned RAM Address / Reserved Channel 1289,,,,,
1290,Freie RAM-Zelle / Reserviert,Nicht belegter Kanal / Adresse 1290,Unassigned RAM Address / Reserved Channel 1290,,,,,
1291,Freie RAM-Zelle / Reserviert,Nicht belegter Kanal / Adresse 1291,Unassigned RAM Address / Reserved Channel 1291,,,,,
1292,Freie RAM-Zelle / Reserviert,Nicht belegter Kanal / Adresse 1292,Unassigned RAM Address / Reserved Channel 1292,,,,,
1293,Freie RAM-Zelle / Reserviert,Nicht belegter Kanal / Adresse 1293,Unassigned RAM Address / Reserved Channel 1293,,,,,
1294,Freie RAM-Zelle / Reserviert,Nicht belegter Kanal / Adresse 1294,Unassigned RAM Address / Reserved Channel 1294,,,,,
1295,Freie RAM-Zelle / Reserviert,Nicht belegter Kanal / Adresse 1295,Unassigned RAM Address / Reserved Channel 1295,,,,,
1296,Freie RAM-Zelle / Reserviert,Nicht belegter Kanal / Adresse 1296,Unassigned RAM Address / Reserved Channel 1296,,,,,
1297,Freie RAM-Zelle / Reserviert,Nicht belegter Kanal / Adresse 1297,Unassigned RAM Address / Reserved Channel 1297,,,,,
1298,Freie RAM-Zelle / Reserviert,Nicht belegter Kanal / Adresse 1298,Unassigned RAM Address / Reserved Channel 1298,,,,,
1299,Freie RAM-Zelle / Reserviert,Nicht belegter Kanal / Adresse 1299,Unassigned RAM Address / Reserved Channel 1299,,,,,
1300,Freie RAM-Zelle / Reserviert,Nicht belegter Kanal / Adresse 1300,Unassigned RAM Address / Reserved Channel 1300,,,,,
1301,Freie RAM-Zelle / Reserviert,Nicht belegter Kanal / Adresse 1301,Unassigned RAM Address / Reserved Channel 1301,,,,,
1302,Freie RAM-Zelle / Reserviert,Nicht belegter Kanal / Adresse 1302,Unassigned RAM Address / Reserved Channel 1302,,,,,
1303,Freie RAM-Zelle / Reserviert,Nicht belegter Kanal / Adresse 1303,Unassigned RAM Address / Reserved Channel 1303,,,,,
1304,Freie RAM-Zelle / Reserviert,Nicht belegter Kanal / Adresse 1304,Unassigned RAM Address / Reserved Channel 1304,,,,,
1305,Freie RAM-Zelle / Reserviert,Nicht belegter Kanal / Adresse 1305,Unassigned RAM Address / Reserved Channel 1305,,,,,
1306,Freie RAM-Zelle / Reserviert,Nicht belegter Kanal / Adresse 1306,Unassigned RAM Address / Reserved Channel 1306,,,,,
1307,Freie RAM-Zelle / Reserviert,Nicht belegter Kanal / Adresse 1307,Unassigned RAM Address / Reserved Channel 1307,,,,,
1308,Freie RAM-Zelle / Reserviert,Nicht belegter Kanal / Adresse 1308,Unassigned RAM Address / Reserved Channel 1308,,,,,
1309,Freie RAM-Zelle / Reserviert,Nicht belegter Kanal / Adresse 1309,Unassigned RAM Address / Reserved Channel 1309,,,,,
1310,Freie RAM-Zelle / Reserviert,Nicht belegter Kanal / Adresse 1310,Unassigned RAM Address / Reserved Channel 1310,,,,,
1311,Freie RAM-Zelle / Reserviert,Nicht belegter Kanal / Adresse 1311,Unassigned RAM Address / Reserved Channel 1311,,,,,
1312,Freie RAM-Zelle / Reserviert,Nicht belegter Kanal / Adresse 1312,Unassigned RAM Address / Reserved Channel 1312,,,,,
1313,Freie RAM-Zelle / Reserviert,Nicht belegter Kanal / Adresse 1313,Unassigned RAM Address / Reserved Channel 1313,,,,,
1314,Freie RAM-Zelle / Reserviert,Nicht belegter Kanal / Adresse 1314,Unassigned RAM Address / Reserved Channel 1314,,,,,
1315,Freie RAM-Zelle / Reserviert,Nicht belegter Kanal / Adresse 1315,Unassigned RAM Address / Reserved Channel 1315,,,,,
1316,Freie RAM-Zelle / Reserviert,Nicht belegter Kanal / Adresse 1316,Unassigned RAM Address / Reserved Channel 1316,,,,,
1317,Freie RAM-Zelle / Reserviert,Nicht belegter Kanal / Adresse 1317,Unassigned RAM Address / Reserved Channel 1317,,,,,
1318,Freie RAM-Zelle / Reserviert,Nicht belegter Kanal / Adresse 1318,Unassigned RAM Address / Reserved Channel 1318,,,,,
1319,Freie RAM-Zelle / Reserviert,Nicht belegter Kanal / Adresse 1319,Unassigned RAM Address / Reserved Channel 1319,,,,,
1320,Freie RAM-Zelle / Reserviert,Nicht belegter Kanal / Adresse 1320,Unassigned RAM Address / Reserved Channel 1320,,,,,
1321,Freie RAM-Zelle / Reserviert,Nicht belegter Kanal / Adresse 1321,Unassigned RAM Address / Reserved Channel 1321,,,,,
1322,Freie RAM-Zelle / Reserviert,Nicht belegter Kanal / Adresse 1322,Unassigned RAM Address / Reserved Channel 1322,,,,,
1323,Freie RAM-Zelle / Reserviert,Nicht belegter Kanal / Adresse 1323,Unassigned RAM Address / Reserved Channel 1323,,,,,
1324,Freie RAM-Zelle / Reserviert,Nicht belegter Kanal / Adresse 1324,Unassigned RAM Address / Reserved Channel 1324,,,,,
1325,Freie RAM-Zelle / Reserviert,Nicht belegter Kanal / Adresse 1325,Unassigned RAM Address / Reserved Channel 1325,,,,,
1326,Freie RAM-Zelle / Reserviert,Nicht belegter Kanal / Adresse 1326,Unassigned RAM Address / Reserved Channel 1326,,,,,
1327,Freie RAM-Zelle / Reserviert,Nicht belegter Kanal / Adresse 1327,Unassigned RAM Address / Reserved Channel 1327,,,,,
1328,Freie RAM-Zelle / Reserviert,Nicht belegter Kanal / Adresse 1328,Unassigned RAM Address / Reserved Channel 1328,,,,,
1329,Freie RAM-Zelle / Reserviert,Nicht belegter Kanal / Adresse 1329,Unassigned RAM Address / Reserved Channel 1329,,,,,
1330,Freie RAM-Zelle / Reserviert,Nicht belegter Kanal / Adresse 1330,Unassigned RAM Address / Reserved Channel 1330,,,,,
1331,Freie RAM-Zelle / Reserviert,Nicht belegter Kanal / Adresse 1331,Unassigned RAM Address / Reserved Channel 1331,,,,,
1332,Freie RAM-Zelle / Reserviert,Nicht belegter Kanal / Adresse 1332,Unassigned RAM Address / Reserved Channel 1332,,,,,
1333,Freie RAM-Zelle / Reserviert,Nicht belegter Kanal / Adresse 1333,Unassigned RAM Address / Reserved Channel 1333,,,,,
1334,Freie RAM-Zelle / Reserviert,Nicht belegter Kanal / Adresse 1334,Unassigned RAM Address / Reserved Channel 1334,,,,,
1335,Freie RAM-Zelle / Reserviert,Nicht belegter Kanal / Adresse 1335,Unassigned RAM Address / Reserved Channel 1335,,,,,
1336,Freie RAM-Zelle / Reserviert,Nicht belegter Kanal / Adresse 1336,Unassigned RAM Address / Reserved Channel 1336,,,,,
1337,Freie RAM-Zelle / Reserviert,Nicht belegter Kanal / Adresse 1337,Unassigned RAM Address / Reserved Channel 1337,,,,,
1338,Freie RAM-Zelle / Reserviert,Nicht belegter Kanal / Adresse 1338,Unassigned RAM Address / Reserved Channel 1338,,,,,
1339,Freie RAM-Zelle / Reserviert,Nicht belegter Kanal / Adresse 1339,Unassigned RAM Address / Reserved Channel 1339,,,,,
1340,Freie RAM-Zelle / Reserviert,Nicht belegter Kanal / Adresse 1340,Unassigned RAM Address / Reserved Channel 1340,,,,,
1341,Freie RAM-Zelle / Reserviert,Nicht belegter Kanal / Adresse 1341,Unassigned RAM Address / Reserved Channel 1341,,,,,
1342,Freie RAM-Zelle / Reserviert,Nicht belegter Kanal / Adresse 1342,Unassigned RAM Address / Reserved Channel 1342,,,,,
1343,Freie RAM-Zelle / Reserviert,Nicht belegter Kanal / Adresse 1343,Unassigned RAM Address / Reserved Channel 1343,,,,,
1344,Freie RAM-Zelle / Reserviert,Nicht belegter Kanal / Adresse 1344,Unassigned RAM Address / Reserved Channel 1344,,,,,
1345,Freie RAM-Zelle / Reserviert,Nicht belegter Kanal / Adresse 1345,Unassigned RAM Address / Reserved Channel 1345,,,,,
1346,Freie RAM-Zelle / Reserviert,Nicht belegter Kanal / Adresse 1346,Unassigned RAM Address / Reserved Channel 1346,,,,,
1347,Freie RAM-Zelle / Reserviert,Nicht belegter Kanal / Adresse 1347,Unassigned RAM Address / Reserved Channel 1347,,,,,
1348,Freie RAM-Zelle / Reserviert,Nicht belegter Kanal / Adresse 1348,Unassigned RAM Address / Reserved Channel 1348,,,,,
1349,Freie RAM-Zelle / Reserviert,Nicht belegter Kanal / Adresse 1349,Unassigned RAM Address / Reserved Channel 1349,,,,,
1350,Freie RAM-Zelle / Reserviert,Nicht belegter Kanal / Adresse 1350,Unassigned RAM Address / Reserved Channel 1350,,,,,
1351,Freie RAM-Zelle / Reserviert,Nicht belegter Kanal / Adresse 1351,Unassigned RAM Address / Reserved Channel 1351,,,,,
1352,Freie RAM-Zelle / Reserviert,Nicht belegter Kanal / Adresse 1352,Unassigned RAM Address / Reserved Channel 1352,,,,,
1353,Freie RAM-Zelle / Reserviert,Nicht belegter Kanal / Adresse 1353,Unassigned RAM Address / Reserved Channel 1353,,,,,
1354,Freie RAM-Zelle / Reserviert,Nicht belegter Kanal / Adresse 1354,Unassigned RAM Address / Reserved Channel 1354,,,,,
1355,Freie RAM-Zelle / Reserviert,Nicht belegter Kanal / Adresse 1355,Unassigned RAM Address / Reserved Channel 1355,,,,,
1356,Freie RAM-Zelle / Reserviert,Nicht belegter Kanal / Adresse 1356,Unassigned RAM Address / Reserved Channel 1356,,,,,
1357,Freie RAM-Zelle / Reserviert,Nicht belegter Kanal / Adresse 1357,Unassigned RAM Address / Reserved Channel 1357,,,,,
1358,Freie RAM-Zelle / Reserviert,Nicht belegter Kanal / Adresse 1358,Unassigned RAM Address / Reserved Channel 1358,,,,,
1359,Freie RAM-Zelle / Reserviert,Nicht belegter Kanal / Adresse 1359,Unassigned RAM Address / Reserved Channel 1359,,,,,
1360,Freie RAM-Zelle / Reserviert,Nicht belegter Kanal / Adresse 1360,Unassigned RAM Address / Reserved Channel 1360,,,,,
1361,Freie RAM-Zelle / Reserviert,Nicht belegter Kanal / Adresse 1361,Unassigned RAM Address / Reserved Channel 1361,,,,,
1362,Freie RAM-Zelle / Reserviert,Nicht belegter Kanal / Adresse 1362,Unassigned RAM Address / Reserved Channel 1362,,,,,
1363,Freie RAM-Zelle / Reserviert,Nicht belegter Kanal / Adresse 1363,Unassigned RAM Address / Reserved Channel 1363,,,,,
1364,Freie RAM-Zelle / Reserviert,Nicht belegter Kanal / Adresse 1364,Unassigned RAM Address / Reserved Channel 1364,,,,,
1365,Freie RAM-Zelle / Reserviert,Nicht belegter Kanal / Adresse 1365,Unassigned RAM Address / Reserved Channel 1365,,,,,
1366,Freie RAM-Zelle / Reserviert,Nicht belegter Kanal / Adresse 1366,Unassigned RAM Address / Reserved Channel 1366,,,,,
1367,Freie RAM-Zelle / Reserviert,Nicht belegter Kanal / Adresse 1367,Unassigned RAM Address / Reserved Channel 1367,,,,,
1368,Freie RAM-Zelle / Reserviert,Nicht belegter Kanal / Adresse 1368,Unassigned RAM Address / Reserved Channel 1368,,,,,
1369,Freie RAM-Zelle / Reserviert,Nicht belegter Kanal / Adresse 1369,Unassigned RAM Address / Reserved Channel 1369,,,,,
1370,Freie RAM-Zelle / Reserviert,Nicht belegter Kanal / Adresse 1370,Unassigned RAM Address / Reserved Channel 1370,,,,,
1371,Freie RAM-Zelle / Reserviert,Nicht belegter Kanal / Adresse 1371,Unassigned RAM Address / Reserved Channel 1371,,,,,
1372,Freie RAM-Zelle / Reserviert,Nicht belegter Kanal / Adresse 1372,Unassigned RAM Address / Reserved Channel 1372,,,,,
1373,Freie RAM-Zelle / Reserviert,Nicht belegter Kanal / Adresse 1373,Unassigned RAM Address / Reserved Channel 1373,,,,,
1374,Freie RAM-Zelle / Reserviert,Nicht belegter Kanal / Adresse 1374,Unassigned RAM Address / Reserved Channel 1374,,,,,
1375,Freie RAM-Zelle / Reserviert,Nicht belegter Kanal / Adresse 1375,Unassigned RAM Address / Reserved Channel 1375,,,,,
1376,Freie RAM-Zelle / Reserviert,Nicht belegter Kanal / Adresse 1376,Unassigned RAM Address / Reserved Channel 1376,,,,,
1377,Freie RAM-Zelle / Reserviert,Nicht belegter Kanal / Adresse 1377,Unassigned RAM Address / Reserved Channel 1377,,,,,
1378,Freie RAM-Zelle / Reserviert,Nicht belegter Kanal / Adresse 1378,Unassigned RAM Address / Reserved Channel 1378,,,,,
1379,Freie RAM-Zelle / Reserviert,Nicht belegter Kanal / Adresse 1379,Unassigned RAM Address / Reserved Channel 1379,,,,,
1380,Freie RAM-Zelle / Reserviert,Nicht belegter Kanal / Adresse 1380,Unassigned RAM Address / Reserved Channel 1380,,,,,
1381,Freie RAM-Zelle / Reserviert,Nicht belegter Kanal / Adresse 1381,Unassigned RAM Address / Reserved Channel 1381,,,,,
1382,Freie RAM-Zelle / Reserviert,Nicht belegter Kanal / Adresse 1382,Unassigned RAM Address / Reserved Channel 1382,,,,,
1383,Freie RAM-Zelle / Reserviert,Nicht belegter Kanal / Adresse 1383,Unassigned RAM Address / Reserved Channel 1383,,,,,
1384,Freie RAM-Zelle / Reserviert,Nicht belegter Kanal / Adresse 1384,Unassigned RAM Address / Reserved Channel 1384,,,,,
1385,Freie RAM-Zelle / Reserviert,Nicht belegter Kanal / Adresse 1385,Unassigned RAM Address / Reserved Channel 1385,,,,,
1386,Freie RAM-Zelle / Reserviert,Nicht belegter Kanal / Adresse 1386,Unassigned RAM Address / Reserved Channel 1386,,,,,
1387,Freie RAM-Zelle / Reserviert,Nicht belegter Kanal / Adresse 1387,Unassigned RAM Address / Reserved Channel 1387,,,,,
1388,Freie RAM-Zelle / Reserviert,Nicht belegter Kanal / Adresse 1388,Unassigned RAM Address / Reserved Channel 1388,,,,,
1389,Freie RAM-Zelle / Reserviert,Nicht belegter Kanal / Adresse 1389,Unassigned RAM Address / Reserved Channel 1389,,,,,
1390,Freie RAM-Zelle / Reserviert,Nicht belegter Kanal / Adresse 1390,Unassigned RAM Address / Reserved Channel 1390,,,,,
1391,Freie RAM-Zelle / Reserviert,Nicht belegter Kanal / Adresse 1391,Unassigned RAM Address / Reserved Channel 1391,,,,,
1392,Freie RAM-Zelle / Reserviert,Nicht belegter Kanal / Adresse 1392,Unassigned RAM Address / Reserved Channel 1392,,,,,
1393,Freie RAM-Zelle / Reserviert,Nicht belegter Kanal / Adresse 1393,Unassigned RAM Address / Reserved Channel 1393,,,,,
1394,Freie RAM-Zelle / Reserviert,Nicht belegter Kanal / Adresse 1394,Unassigned RAM Address / Reserved Channel 1394,,,,,
1395,Freie RAM-Zelle / Reserviert,Nicht belegter Kanal / Adresse 1395,Unassigned RAM Address / Reserved Channel 1395,,,,,
1396,Freie RAM-Zelle / Reserviert,Nicht belegter Kanal / Adresse 1396,Unassigned RAM Address / Reserved Channel 1396,,,,,
1397,Freie RAM-Zelle / Reserviert,Nicht belegter Kanal / Adresse 1397,Unassigned RAM Address / Reserved Channel 1397,,,,,
1398,Freie RAM-Zelle / Reserviert,Nicht belegter Kanal / Adresse 1398,Unassigned RAM Address / Reserved Channel 1398,,,,,
1399,Freie RAM-Zelle / Reserviert,Nicht belegter Kanal / Adresse 1399,Unassigned RAM Address / Reserved Channel 1399,,,,,
1400,Freie RAM-Zelle / Reserviert,Nicht belegter Kanal / Adresse 1400,Unassigned RAM Address / Reserved Channel 1400,,,,,
1401,Freie RAM-Zelle / Reserviert,Nicht belegter Kanal / Adresse 1401,Unassigned RAM Address / Reserved Channel 1401,,,,,
1402,Freie RAM-Zelle / Reserviert,Nicht belegter Kanal / Adresse 1402,Unassigned RAM Address / Reserved Channel 1402,,,,,
1403,Freie RAM-Zelle / Reserviert,Nicht belegter Kanal / Adresse 1403,Unassigned RAM Address / Reserved Channel 1403,,,,,
1404,Freie RAM-Zelle / Reserviert,Nicht belegter Kanal / Adresse 1404,Unassigned RAM Address / Reserved Channel 1404,,,,,
1405,Freie RAM-Zelle / Reserviert,Nicht belegter Kanal / Adresse 1405,Unassigned RAM Address / Reserved Channel 1405,,,,,
1406,Freie RAM-Zelle / Reserviert,Nicht belegter Kanal / Adresse 1406,Unassigned RAM Address / Reserved Channel 1406,,,,,
1407,Freie RAM-Zelle / Reserviert,Nicht belegter Kanal / Adresse 1407,Unassigned RAM Address / Reserved Channel 1407,,,,,
1408,Freie RAM-Zelle / Reserviert,Nicht belegter Kanal / Adresse 1408,Unassigned RAM Address / Reserved Channel 1408,,,,,
1409,Freie RAM-Zelle / Reserviert,Nicht belegter Kanal / Adresse 1409,Unassigned RAM Address / Reserved Channel 1409,,,,,
1410,Freie RAM-Zelle / Reserviert,Nicht belegter Kanal / Adresse 1410,Unassigned RAM Address / Reserved Channel 1410,,,,,
1411,Freie RAM-Zelle / Reserviert,Nicht belegter Kanal / Adresse 1411,Unassigned RAM Address / Reserved Channel 1411,,,,,
1412,Freie RAM-Zelle / Reserviert,Nicht belegter Kanal / Adresse 1412,Unassigned RAM Address / Reserved Channel 1412,,,,,
1413,Freie RAM-Zelle / Reserviert,Nicht belegter Kanal / Adresse 1413,Unassigned RAM Address / Reserved Channel 1413,,,,,
1414,Freie RAM-Zelle / Reserviert,Nicht belegter Kanal / Adresse 1414,Unassigned RAM Address / Reserved Channel 1414,,,,,
1415,Freie RAM-Zelle / Reserviert,Nicht belegter Kanal / Adresse 1415,Unassigned RAM Address / Reserved Channel 1415,,,,,
1416,Freie RAM-Zelle / Reserviert,Nicht belegter Kanal / Adresse 1416,Unassigned RAM Address / Reserved Channel 1416,,,,,
1417,Freie RAM-Zelle / Reserviert,Nicht belegter Kanal / Adresse 1417,Unassigned RAM Address / Reserved Channel 1417,,,,,
1418,Freie RAM-Zelle / Reserviert,Nicht belegter Kanal / Adresse 1418,Unassigned RAM Address / Reserved Channel 1418,,,,,
1419,Freie RAM-Zelle / Reserviert,Nicht belegter Kanal / Adresse 1419,Unassigned RAM Address / Reserved Channel 1419,,,,,
1420,Freie RAM-Zelle / Reserviert,Nicht belegter Kanal / Adresse 1420,Unassigned RAM Address / Reserved Channel 1420,,,,,
1421,Freie RAM-Zelle / Reserviert,Nicht belegter Kanal / Adresse 1421,Unassigned RAM Address / Reserved Channel 1421,,,,,
1422,Freie RAM-Zelle / Reserviert,Nicht belegter Kanal / Adresse 1422,Unassigned RAM Address / Reserved Channel 1422,,,,,
1423,Freie RAM-Zelle / Reserviert,Nicht belegter Kanal / Adresse 1423,Unassigned RAM Address / Reserved Channel 1423,,,,,
1424,Freie RAM-Zelle / Reserviert,Nicht belegter Kanal / Adresse 1424,Unassigned RAM Address / Reserved Channel 1424,,,,,
1425,Freie RAM-Zelle / Reserviert,Nicht belegter Kanal / Adresse 1425,Unassigned RAM Address / Reserved Channel 1425,,,,,
1426,Freie RAM-Zelle / Reserviert,Nicht belegter Kanal / Adresse 1426,Unassigned RAM Address / Reserved Channel 1426,,,,,
1427,Freie RAM-Zelle / Reserviert,Nicht belegter Kanal / Adresse 1427,Unassigned RAM Address / Reserved Channel 1427,,,,,
1428,Freie RAM-Zelle / Reserviert,Nicht belegter Kanal / Adresse 1428,Unassigned RAM Address / Reserved Channel 1428,,,,,
1429,Freie RAM-Zelle / Reserviert,Nicht belegter Kanal / Adresse 1429,Unassigned RAM Address / Reserved Channel 1429,,,,,
1430,Freie RAM-Zelle / Reserviert,Nicht belegter Kanal / Adresse 1430,Unassigned RAM Address / Reserved Channel 1430,,,,,
1431,Freie RAM-Zelle / Reserviert,Nicht belegter Kanal / Adresse 1431,Unassigned RAM Address / Reserved Channel 1431,,,,,
1432,Freie RAM-Zelle / Reserviert,Nicht belegter Kanal / Adresse 1432,Unassigned RAM Address / Reserved Channel 1432,,,,,
1433,Freie RAM-Zelle / Reserviert,Nicht belegter Kanal / Adresse 1433,Unassigned RAM Address / Reserved Channel 1433,,,,,
1434,Freie RAM-Zelle / Reserviert,Nicht belegter Kanal / Adresse 1434,Unassigned RAM Address / Reserved Channel 1434,,,,,
1435,Freie RAM-Zelle / Reserviert,Nicht belegter Kanal / Adresse 1435,Unassigned RAM Address / Reserved Channel 1435,,,,,
1436,Freie RAM-Zelle / Reserviert,Nicht belegter Kanal / Adresse 1436,Unassigned RAM Address / Reserved Channel 1436,,,,,
1437,Freie RAM-Zelle / Reserviert,Nicht belegter Kanal / Adresse 1437,Unassigned RAM Address / Reserved Channel 1437,,,,,
1438,Freie RAM-Zelle / Reserviert,Nicht belegter Kanal / Adresse 1438,Unassigned RAM Address / Reserved Channel 1438,,,,,
1439,Freie RAM-Zelle / Reserviert,Nicht belegter Kanal / Adresse 1439,Unassigned RAM Address / Reserved Channel 1439,,,,,
1440,Freie RAM-Zelle / Reserviert,Nicht belegter Kanal / Adresse 1440,Unassigned RAM Address / Reserved Channel 1440,,,,,
1441,Freie RAM-Zelle / Reserviert,Nicht belegter Kanal / Adresse 1441,Unassigned RAM Address / Reserved Channel 1441,,,,,
1442,Freie RAM-Zelle / Reserviert,Nicht belegter Kanal / Adresse 1442,Unassigned RAM Address / Reserved Channel 1442,,,,,
1443,Freie RAM-Zelle / Reserviert,Nicht belegter Kanal / Adresse 1443,Unassigned RAM Address / Reserved Channel 1443,,,,,
1444,Freie RAM-Zelle / Reserviert,Nicht belegter Kanal / Adresse 1444,Unassigned RAM Address / Reserved Channel 1444,,,,,
1445,Freie RAM-Zelle / Reserviert,Nicht belegter Kanal / Adresse 1445,Unassigned RAM Address / Reserved Channel 1445,,,,,
1446,Freie RAM-Zelle / Reserviert,Nicht belegter Kanal / Adresse 1446,Unassigned RAM Address / Reserved Channel 1446,,,,,
1447,Freie RAM-Zelle / Reserviert,Nicht belegter Kanal / Adresse 1447,Unassigned RAM Address / Reserved Channel 1447,,,,,
1448,Freie RAM-Zelle / Reserviert,Nicht belegter Kanal / Adresse 1448,Unassigned RAM Address / Reserved Channel 1448,,,,,
1449,Freie RAM-Zelle / Reserviert,Nicht belegter Kanal / Adresse 1449,Unassigned RAM Address / Reserved Channel 1449,,,,,
1450,Freie RAM-Zelle / Reserviert,Nicht belegter Kanal / Adresse 1450,Unassigned RAM Address / Reserved Channel 1450,,,,,
1451,Freie RAM-Zelle / Reserviert,Nicht belegter Kanal / Adresse 1451,Unassigned RAM Address / Reserved Channel 1451,,,,,
1452,Freie RAM-Zelle / Reserviert,Nicht belegter Kanal / Adresse 1452,Unassigned RAM Address / Reserved Channel 1452,,,,,
1453,Freie RAM-Zelle / Reserviert,Nicht belegter Kanal / Adresse 1453,Unassigned RAM Address / Reserved Channel 1453,,,,,
1454,Freie RAM-Zelle / Reserviert,Nicht belegter Kanal / Adresse 1454,Unassigned RAM Address / Reserved Channel 1454,,,,,
1455,Freie RAM-Zelle / Reserviert,Nicht belegter Kanal / Adresse 1455,Unassigned RAM Address / Reserved Channel 1455,,,,,
1456,Freie RAM-Zelle / Reserviert,Nicht belegter Kanal / Adresse 1456,Unassigned RAM Address / Reserved Channel 1456,,,,,
1457,Freie RAM-Zelle / Reserviert,Nicht belegter Kanal / Adresse 1457,Unassigned RAM Address / Reserved Channel 1457,,,,,
1458,Freie RAM-Zelle / Reserviert,Nicht belegter Kanal / Adresse 1458,Unassigned RAM Address / Reserved Channel 1458,,,,,
1459,Freie RAM-Zelle / Reserviert,Nicht belegter Kanal / Adresse 1459,Unassigned RAM Address / Reserved Channel 1459,,,,,
1460,Freie RAM-Zelle / Reserviert,Nicht belegter Kanal / Adresse 1460,Unassigned RAM Address / Reserved Channel 1460,,,,,
1461,Freie RAM-Zelle / Reserviert,Nicht belegter Kanal / Adresse 1461,Unassigned RAM Address / Reserved Channel 1461,,,,,
1462,Freie RAM-Zelle / Reserviert,Nicht belegter Kanal / Adresse 1462,Unassigned RAM Address / Reserved Channel 1462,,,,,
1463,Freie RAM-Zelle / Reserviert,Nicht belegter Kanal / Adresse 1463,Unassigned RAM Address / Reserved Channel 1463,,,,,
1464,Freie RAM-Zelle / Reserviert,Nicht belegter Kanal / Adresse 1464,Unassigned RAM Address / Reserved Channel 1464,,,,,
1465,Freie RAM-Zelle / Reserviert,Nicht belegter Kanal / Adresse 1465,Unassigned RAM Address / Reserved Channel 1465,,,,,
1466,Freie RAM-Zelle / Reserviert,Nicht belegter Kanal / Adresse 1466,Unassigned RAM Address / Reserved Channel 1466,,,,,
1467,Freie RAM-Zelle / Reserviert,Nicht belegter Kanal / Adresse 1467,Unassigned RAM Address / Reserved Channel 1467,,,,,
1468,Freie RAM-Zelle / Reserviert,Nicht belegter Kanal / Adresse 1468,Unassigned RAM Address / Reserved Channel 1468,,,,,
1469,Freie RAM-Zelle / Reserviert,Nicht belegter Kanal / Adresse 1469,Unassigned RAM Address / Reserved Channel 1469,,,,,
1470,Freie RAM-Zelle / Reserviert,Nicht belegter Kanal / Adresse 1470,Unassigned RAM Address / Reserved Channel 1470,,,,,
1471,Freie RAM-Zelle / Reserviert,Nicht belegter Kanal / Adresse 1471,Unassigned RAM Address / Reserved Channel 1471,,,,,
1472,Freie RAM-Zelle / Reserviert,Nicht belegter Kanal / Adresse 1472,Unassigned RAM Address / Reserved Channel 1472,,,,,
1473,Freie RAM-Zelle / Reserviert,Nicht belegter Kanal / Adresse 1473,Unassigned RAM Address / Reserved Channel 1473,,,,,
1474,Freie RAM-Zelle / Reserviert,Nicht belegter Kanal / Adresse 1474,Unassigned RAM Address / Reserved Channel 1474,,,,,
1475,Freie RAM-Zelle / Reserviert,Nicht belegter Kanal / Adresse 1475,Unassigned RAM Address / Reserved Channel 1475,,,,,
1476,Freie RAM-Zelle / Reserviert,Nicht belegter Kanal / Adresse 1476,Unassigned RAM Address / Reserved Channel 1476,,,,,
1477,Freie RAM-Zelle / Reserviert,Nicht belegter Kanal / Adresse 1477,Unassigned RAM Address / Reserved Channel 1477,,,,,
1478,Freie RAM-Zelle / Reserviert,Nicht belegter Kanal / Adresse 1478,Unassigned RAM Address / Reserved Channel 1478,,,,,
1479,Freie RAM-Zelle / Reserviert,Nicht belegter Kanal / Adresse 1479,Unassigned RAM Address / Reserved Channel 1479,,,,,
1480,Freie RAM-Zelle / Reserviert,Nicht belegter Kanal / Adresse 1480,Unassigned RAM Address / Reserved Channel 1480,,,,,
1481,Freie RAM-Zelle / Reserviert,Nicht belegter Kanal / Adresse 1481,Unassigned RAM Address / Reserved Channel 1481,,,,,
1482,Freie RAM-Zelle / Reserviert,Nicht belegter Kanal / Adresse 1482,Unassigned RAM Address / Reserved Channel 1482,,,,,
1483,Freie RAM-Zelle / Reserviert,Nicht belegter Kanal / Adresse 1483,Unassigned RAM Address / Reserved Channel 1483,,,,,
1484,Freie RAM-Zelle / Reserviert,Nicht belegter Kanal / Adresse 1484,Unassigned RAM Address / Reserved Channel 1484,,,,,
1485,Freie RAM-Zelle / Reserviert,Nicht belegter Kanal / Adresse 1485,Unassigned RAM Address / Reserved Channel 1485,,,,,
1486,Freie RAM-Zelle / Reserviert,Nicht belegter Kanal / Adresse 1486,Unassigned RAM Address / Reserved Channel 1486,,,,,
1487,Freie RAM-Zelle / Reserviert,Nicht belegter Kanal / Adresse 1487,Unassigned RAM Address / Reserved Channel 1487,,,,,
1488,Freie RAM-Zelle / Reserviert,Nicht belegter Kanal / Adresse 1488,Unassigned RAM Address / Reserved Channel 1488,,,,,
1489,Freie RAM-Zelle / Reserviert,Nicht belegter Kanal / Adresse 1489,Unassigned RAM Address / Reserved Channel 1489,,,,,
1490,Freie RAM-Zelle / Reserviert,Nicht belegter Kanal / Adresse 1490,Unassigned RAM Address / Reserved Channel 1490,,,,,
1491,Freie RAM-Zelle / Reserviert,Nicht belegter Kanal / Adresse 1491,Unassigned RAM Address / Reserved Channel 1491,,,,,
1492,Freie RAM-Zelle / Reserviert,Nicht belegter Kanal / Adresse 1492,Unassigned RAM Address / Reserved Channel 1492,,,,,
1493,Freie RAM-Zelle / Reserviert,Nicht belegter Kanal / Adresse 1493,Unassigned RAM Address / Reserved Channel 1493,,,,,
1494,Freie RAM-Zelle / Reserviert,Nicht belegter Kanal / Adresse 1494,Unassigned RAM Address / Reserved Channel 1494,,,,,
1495,Freie RAM-Zelle / Reserviert,Nicht belegter Kanal / Adresse 1495,Unassigned RAM Address / Reserved Channel 1495,,,,,
1496,Freie RAM-Zelle / Reserviert,Nicht belegter Kanal / Adresse 1496,Unassigned RAM Address / Reserved Channel 1496,,,,,
1497,Freie RAM-Zelle / Reserviert,Nicht belegter Kanal / Adresse 1497,Unassigned RAM Address / Reserved Channel 1497,,,,,
1498,Freie RAM-Zelle / Reserviert,Nicht belegter Kanal / Adresse 1498,Unassigned RAM Address / Reserved Channel 1498,,,,,
1499,Freie RAM-Zelle / Reserviert,Nicht belegter Kanal / Adresse 1499,Unassigned RAM Address / Reserved Channel 1499,,,,,
1500,Freie RAM-Zelle / Reserviert,Nicht belegter Kanal / Adresse 1500,Unassigned RAM Address / Reserved Channel 1500,,,,,
1501,Freie RAM-Zelle / Reserviert,Nicht belegter Kanal / Adresse 1501,Unassigned RAM Address / Reserved Channel 1501,,,,,
1502,Freie RAM-Zelle / Reserviert,Nicht belegter Kanal / Adresse 1502,Unassigned RAM Address / Reserved Channel 1502,,,,,
1503,Freie RAM-Zelle / Reserviert,Nicht belegter Kanal / Adresse 1503,Unassigned RAM Address / Reserved Channel 1503,,,,,
1504,Freie RAM-Zelle / Reserviert,Nicht belegter Kanal / Adresse 1504,Unassigned RAM Address / Reserved Channel 1504,,,,,
1505,Freie RAM-Zelle / Reserviert,Nicht belegter Kanal / Adresse 1505,Unassigned RAM Address / Reserved Channel 1505,,,,,
1506,Freie RAM-Zelle / Reserviert,Nicht belegter Kanal / Adresse 1506,Unassigned RAM Address / Reserved Channel 1506,,,,,
1507,Freie RAM-Zelle / Reserviert,Nicht belegter Kanal / Adresse 1507,Unassigned RAM Address / Reserved Channel 1507,,,,,
1508,Freie RAM-Zelle / Reserviert,Nicht belegter Kanal / Adresse 1508,Unassigned RAM Address / Reserved Channel 1508,,,,,
1509,Freie RAM-Zelle / Reserviert,Nicht belegter Kanal / Adresse 1509,Unassigned RAM Address / Reserved Channel 1509,,,,,
1510,Freie RAM-Zelle / Reserviert,Nicht belegter Kanal / Adresse 1510,Unassigned RAM Address / Reserved Channel 1510,,,,,
1511,Freie RAM-Zelle / Reserviert,Nicht belegter Kanal / Adresse 1511,Unassigned RAM Address / Reserved Channel 1511,,,,,
1512,Freie RAM-Zelle / Reserviert,Nicht belegter Kanal / Adresse 1512,Unassigned RAM Address / Reserved Channel 1512,,,,,
1513,Freie RAM-Zelle / Reserviert,Nicht belegter Kanal / Adresse 1513,Unassigned RAM Address / Reserved Channel 1513,,,,,
1514,Freie RAM-Zelle / Reserviert,Nicht belegter Kanal / Adresse 1514,Unassigned RAM Address / Reserved Channel 1514,,,,,
1515,Freie RAM-Zelle / Reserviert,Nicht belegter Kanal / Adresse 1515,Unassigned RAM Address / Reserved Channel 1515,,,,,
1516,Freie RAM-Zelle / Reserviert,Nicht belegter Kanal / Adresse 1516,Unassigned RAM Address / Reserved Channel 1516,,,,,
1517,Freie RAM-Zelle / Reserviert,Nicht belegter Kanal / Adresse 1517,Unassigned RAM Address / Reserved Channel 1517,,,,,
1518,Freie RAM-Zelle / Reserviert,Nicht belegter Kanal / Adresse 1518,Unassigned RAM Address / Reserved Channel 1518,,,,,
1519,Freie RAM-Zelle / Reserviert,Nicht belegter Kanal / Adresse 1519,Unassigned RAM Address / Reserved Channel 1519,,,,,
1520,Freie RAM-Zelle / Reserviert,Nicht belegter Kanal / Adresse 1520,Unassigned RAM Address / Reserved Channel 1520,,,,,
1521,Freie RAM-Zelle / Reserviert,Nicht belegter Kanal / Adresse 1521,Unassigned RAM Address / Reserved Channel 1521,,,,,
1522,Freie RAM-Zelle / Reserviert,Nicht belegter Kanal / Adresse 1522,Unassigned RAM Address / Reserved Channel 1522,,,,,
1523,Freie RAM-Zelle / Reserviert,Nicht belegter Kanal / Adresse 1523,Unassigned RAM Address / Reserved Channel 1523,,,,,
1524,Freie RAM-Zelle / Reserviert,Nicht belegter Kanal / Adresse 1524,Unassigned RAM Address / Reserved Channel 1524,,,,,
1525,Freie RAM-Zelle / Reserviert,Nicht belegter Kanal / Adresse 1525,Unassigned RAM Address / Reserved Channel 1525,,,,,
1526,Freie RAM-Zelle / Reserviert,Nicht belegter Kanal / Adresse 1526,Unassigned RAM Address / Reserved Channel 1526,,,,,
1527,Freie RAM-Zelle / Reserviert,Nicht belegter Kanal / Adresse 1527,Unassigned RAM Address / Reserved Channel 1527,,,,,
1528,Freie RAM-Zelle / Reserviert,Nicht belegter Kanal / Adresse 1528,Unassigned RAM Address / Reserved Channel 1528,,,,,
1529,Freie RAM-Zelle / Reserviert,Nicht belegter Kanal / Adresse 1529,Unassigned RAM Address / Reserved Channel 1529,,,,,
1530,Freie RAM-Zelle / Reserviert,Nicht belegter Kanal / Adresse 1530,Unassigned RAM Address / Reserved Channel 1530,,,,,
1531,Freie RAM-Zelle / Reserviert,Nicht belegter Kanal / Adresse 1531,Unassigned RAM Address / Reserved Channel 1531,,,,,
1532,Freie RAM-Zelle / Reserviert,Nicht belegter Kanal / Adresse 1532,Unassigned RAM Address / Reserved Channel 1532,,,,,
1533,Freie RAM-Zelle / Reserviert,Nicht belegter Kanal / Adresse 1533,Unassigned RAM Address / Reserved Channel 1533,,,,,
1534,Freie RAM-Zelle / Reserviert,Nicht belegter Kanal / Adresse 1534,Unassigned RAM Address / Reserved Channel 1534,,,,,
1535,Freie RAM-Zelle / Reserviert,Nicht belegter Kanal / Adresse 1535,Unassigned RAM Address / Reserved Channel 1535,,,,,
1536,Freie RAM-Zelle / Reserviert,Nicht belegter Kanal / Adresse 1536,Unassigned RAM Address / Reserved Channel 1536,,,,,
1537,Freie RAM-Zelle / Reserviert,Nicht belegter Kanal / Adresse 1537,Unassigned RAM Address / Reserved Channel 1537,,,,,
1538,Freie RAM-Zelle / Reserviert,Nicht belegter Kanal / Adresse 1538,Unassigned RAM Address / Reserved Channel 1538,,,,,
1539,Freie RAM-Zelle / Reserviert,Nicht belegter Kanal / Adresse 1539,Unassigned RAM Address / Reserved Channel 1539,,,,,
1540,Freie RAM-Zelle / Reserviert,Nicht belegter Kanal / Adresse 1540,Unassigned RAM Address / Reserved Channel 1540,,,,,
1541,Freie RAM-Zelle / Reserviert,Nicht belegter Kanal / Adresse 1541,Unassigned RAM Address / Reserved Channel 1541,,,,,
1542,Freie RAM-Zelle / Reserviert,Nicht belegter Kanal / Adresse 1542,Unassigned RAM Address / Reserved Channel 1542,,,,,
1543,Freie RAM-Zelle / Reserviert,Nicht belegter Kanal / Adresse 1543,Unassigned RAM Address / Reserved Channel 1543,,,,,
1544,Freie RAM-Zelle / Reserviert,Nicht belegter Kanal / Adresse 1544,Unassigned RAM Address / Reserved Channel 1544,,,,,
1545,Freie RAM-Zelle / Reserviert,Nicht belegter Kanal / Adresse 1545,Unassigned RAM Address / Reserved Channel 1545,,,,,
1546,Freie RAM-Zelle / Reserviert,Nicht belegter Kanal / Adresse 1546,Unassigned RAM Address / Reserved Channel 1546,,,,,
1547,Freie RAM-Zelle / Reserviert,Nicht belegter Kanal / Adresse 1547,Unassigned RAM Address / Reserved Channel 1547,,,,,
1548,Freie RAM-Zelle / Reserviert,Nicht belegter Kanal / Adresse 1548,Unassigned RAM Address / Reserved Channel 1548,,,,,
1549,Freie RAM-Zelle / Reserviert,Nicht belegter Kanal / Adresse 1549,Unassigned RAM Address / Reserved Channel 1549,,,,,
1550,Freie RAM-Zelle / Reserviert,Nicht belegter Kanal / Adresse 1550,Unassigned RAM Address / Reserved Channel 1550,,,,,
1551,Freie RAM-Zelle / Reserviert,Nicht belegter Kanal / Adresse 1551,Unassigned RAM Address / Reserved Channel 1551,,,,,
1552,Freie RAM-Zelle / Reserviert,Nicht belegter Kanal / Adresse 1552,Unassigned RAM Address / Reserved Channel 1552,,,,,
1553,Freie RAM-Zelle / Reserviert,Nicht belegter Kanal / Adresse 1553,Unassigned RAM Address / Reserved Channel 1553,,,,,
1554,Freie RAM-Zelle / Reserviert,Nicht belegter Kanal / Adresse 1554,Unassigned RAM Address / Reserved Channel 1554,,,,,
1555,Freie RAM-Zelle / Reserviert,Nicht belegter Kanal / Adresse 1555,Unassigned RAM Address / Reserved Channel 1555,,,,,
1556,Freie RAM-Zelle / Reserviert,Nicht belegter Kanal / Adresse 1556,Unassigned RAM Address / Reserved Channel 1556,,,,,
1557,Freie RAM-Zelle / Reserviert,Nicht belegter Kanal / Adresse 1557,Unassigned RAM Address / Reserved Channel 1557,,,,,
1558,Freie RAM-Zelle / Reserviert,Nicht belegter Kanal / Adresse 1558,Unassigned RAM Address / Reserved Channel 1558,,,,,
1559,Freie RAM-Zelle / Reserviert,Nicht belegter Kanal / Adresse 1559,Unassigned RAM Address / Reserved Channel 1559,,,,,
1560,Freie RAM-Zelle / Reserviert,Nicht belegter Kanal / Adresse 1560,Unassigned RAM Address / Reserved Channel 1560,,,,,
1561,Freie RAM-Zelle / Reserviert,Nicht belegter Kanal / Adresse 1561,Unassigned RAM Address / Reserved Channel 1561,,,,,
1562,Freie RAM-Zelle / Reserviert,Nicht belegter Kanal / Adresse 1562,Unassigned RAM Address / Reserved Channel 1562,,,,,
1563,Freie RAM-Zelle / Reserviert,Nicht belegter Kanal / Adresse 1563,Unassigned RAM Address / Reserved Channel 1563,,,,,
1564,Freie RAM-Zelle / Reserviert,Nicht belegter Kanal / Adresse 1564,Unassigned RAM Address / Reserved Channel 1564,,,,,
1565,Freie RAM-Zelle / Reserviert,Nicht belegter Kanal / Adresse 1565,Unassigned RAM Address / Reserved Channel 1565,,,,,
1566,Freie RAM-Zelle / Reserviert,Nicht belegter Kanal / Adresse 1566,Unassigned RAM Address / Reserved Channel 1566,,,,,
1567,Freie RAM-Zelle / Reserviert,Nicht belegter Kanal / Adresse 1567,Unassigned RAM Address / Reserved Channel 1567,,,,,
1568,Freie RAM-Zelle / Reserviert,Nicht belegter Kanal / Adresse 1568,Unassigned RAM Address / Reserved Channel 1568,,,,,
1569,Freie RAM-Zelle / Reserviert,Nicht belegter Kanal / Adresse 1569,Unassigned RAM Address / Reserved Channel 1569,,,,,
1570,Freie RAM-Zelle / Reserviert,Nicht belegter Kanal / Adresse 1570,Unassigned RAM Address / Reserved Channel 1570,,,,,
1571,Freie RAM-Zelle / Reserviert,Nicht belegter Kanal / Adresse 1571,Unassigned RAM Address / Reserved Channel 1571,,,,,
1572,Freie RAM-Zelle / Reserviert,Nicht belegter Kanal / Adresse 1572,Unassigned RAM Address / Reserved Channel 1572,,,,,
1573,Freie RAM-Zelle / Reserviert,Nicht belegter Kanal / Adresse 1573,Unassigned RAM Address / Reserved Channel 1573,,,,,
1574,Freie RAM-Zelle / Reserviert,Nicht belegter Kanal / Adresse 1574,Unassigned RAM Address / Reserved Channel 1574,,,,,
1575,Freie RAM-Zelle / Reserviert,Nicht belegter Kanal / Adresse 1575,Unassigned RAM Address / Reserved Channel 1575,,,,,
1576,Freie RAM-Zelle / Reserviert,Nicht belegter Kanal / Adresse 1576,Unassigned RAM Address / Reserved Channel 1576,,,,,
1577,Freie RAM-Zelle / Reserviert,Nicht belegter Kanal / Adresse 1577,Unassigned RAM Address / Reserved Channel 1577,,,,,
1578,Freie RAM-Zelle / Reserviert,Nicht belegter Kanal / Adresse 1578,Unassigned RAM Address / Reserved Channel 1578,,,,,
1579,Freie RAM-Zelle / Reserviert,Nicht belegter Kanal / Adresse 1579,Unassigned RAM Address / Reserved Channel 1579,,,,,
1580,Freie RAM-Zelle / Reserviert,Nicht belegter Kanal / Adresse 1580,Unassigned RAM Address / Reserved Channel 1580,,,,,
1581,Freie RAM-Zelle / Reserviert,Nicht belegter Kanal / Adresse 1581,Unassigned RAM Address / Reserved Channel 1581,,,,,
1582,Freie RAM-Zelle / Reserviert,Nicht belegter Kanal / Adresse 1582,Unassigned RAM Address / Reserved Channel 1582,,,,,
1583,Freie RAM-Zelle / Reserviert,Nicht belegter Kanal / Adresse 1583,Unassigned RAM Address / Reserved Channel 1583,,,,,
1584,Freie RAM-Zelle / Reserviert,Nicht belegter Kanal / Adresse 1584,Unassigned RAM Address / Reserved Channel 1584,,,,,
1585,Freie RAM-Zelle / Reserviert,Nicht belegter Kanal / Adresse 1585,Unassigned RAM Address / Reserved Channel 1585,,,,,
1586,Freie RAM-Zelle / Reserviert,Nicht belegter Kanal / Adresse 1586,Unassigned RAM Address / Reserved Channel 1586,,,,,
1587,Freie RAM-Zelle / Reserviert,Nicht belegter Kanal / Adresse 1587,Unassigned RAM Address / Reserved Channel 1587,,,,,
1588,Freie RAM-Zelle / Reserviert,Nicht belegter Kanal / Adresse 1588,Unassigned RAM Address / Reserved Channel 1588,,,,,
1589,Freie RAM-Zelle / Reserviert,Nicht belegter Kanal / Adresse 1589,Unassigned RAM Address / Reserved Channel 1589,,,,,
1590,Freie RAM-Zelle / Reserviert,Nicht belegter Kanal / Adresse 1590,Unassigned RAM Address / Reserved Channel 1590,,,,,
1591,Freie RAM-Zelle / Reserviert,Nicht belegter Kanal / Adresse 1591,Unassigned RAM Address / Reserved Channel 1591,,,,,
1592,Freie RAM-Zelle / Reserviert,Nicht belegter Kanal / Adresse 1592,Unassigned RAM Address / Reserved Channel 1592,,,,,
1593,Freie RAM-Zelle / Reserviert,Nicht belegter Kanal / Adresse 1593,Unassigned RAM Address / Reserved Channel 1593,,,,,
1594,Freie RAM-Zelle / Reserviert,Nicht belegter Kanal / Adresse 1594,Unassigned RAM Address / Reserved Channel 1594,,,,,
1595,Freie RAM-Zelle / Reserviert,Nicht belegter Kanal / Adresse 1595,Unassigned RAM Address / Reserved Channel 1595,,,,,
1596,Freie RAM-Zelle / Reserviert,Nicht belegter Kanal / Adresse 1596,Unassigned RAM Address / Reserved Channel 1596,,,,,
1597,Freie RAM-Zelle / Reserviert,Nicht belegter Kanal / Adresse 1597,Unassigned RAM Address / Reserved Channel 1597,,,,,
1598,Freie RAM-Zelle / Reserviert,Nicht belegter Kanal / Adresse 1598,Unassigned RAM Address / Reserved Channel 1598,,,,,
1599,Freie RAM-Zelle / Reserviert,Nicht belegter Kanal / Adresse 1599,Unassigned RAM Address / Reserved Channel 1599,,,,,
1600,Freie RAM-Zelle / Reserviert,Nicht belegter Kanal / Adresse 1600,Unassigned RAM Address / Reserved Channel 1600,,,,,
1601,Freie RAM-Zelle / Reserviert,Nicht belegter Kanal / Adresse 1601,Unassigned RAM Address / Reserved Channel 1601,,,,,
1602,Freie RAM-Zelle / Reserviert,Nicht belegter Kanal / Adresse 1602,Unassigned RAM Address / Reserved Channel 1602,,,,,
1603,Freie RAM-Zelle / Reserviert,Nicht belegter Kanal / Adresse 1603,Unassigned RAM Address / Reserved Channel 1603,,,,,
1604,Freie RAM-Zelle / Reserviert,Nicht belegter Kanal / Adresse 1604,Unassigned RAM Address / Reserved Channel 1604,,,,,
1605,Freie RAM-Zelle / Reserviert,Nicht belegter Kanal / Adresse 1605,Unassigned RAM Address / Reserved Channel 1605,,,,,
1606,Freie RAM-Zelle / Reserviert,Nicht belegter Kanal / Adresse 1606,Unassigned RAM Address / Reserved Channel 1606,,,,,
1607,Freie RAM-Zelle / Reserviert,Nicht belegter Kanal / Adresse 1607,Unassigned RAM Address / Reserved Channel 1607,,,,,
1608,Freie RAM-Zelle / Reserviert,Nicht belegter Kanal / Adresse 1608,Unassigned RAM Address / Reserved Channel 1608,,,,,
1609,Freie RAM-Zelle / Reserviert,Nicht belegter Kanal / Adresse 1609,Unassigned RAM Address / Reserved Channel 1609,,,,,
1610,Freie RAM-Zelle / Reserviert,Nicht belegter Kanal / Adresse 1610,Unassigned RAM Address / Reserved Channel 1610,,,,,
1611,Freie RAM-Zelle / Reserviert,Nicht belegter Kanal / Adresse 1611,Unassigned RAM Address / Reserved Channel 1611,,,,,
1612,Freie RAM-Zelle / Reserviert,Nicht belegter Kanal / Adresse 1612,Unassigned RAM Address / Reserved Channel 1612,,,,,
1613,Freie RAM-Zelle / Reserviert,Nicht belegter Kanal / Adresse 1613,Unassigned RAM Address / Reserved Channel 1613,,,,,
1614,Freie RAM-Zelle / Reserviert,Nicht belegter Kanal / Adresse 1614,Unassigned RAM Address / Reserved Channel 1614,,,,,
1615,Freie RAM-Zelle / Reserviert,Nicht belegter Kanal / Adresse 1615,Unassigned RAM Address / Reserved Channel 1615,,,,,
1616,Freie RAM-Zelle / Reserviert,Nicht belegter Kanal / Adresse 1616,Unassigned RAM Address / Reserved Channel 1616,,,,,
1617,Freie RAM-Zelle / Reserviert,Nicht belegter Kanal / Adresse 1617,Unassigned RAM Address / Reserved Channel 1617,,,,,
1618,Freie RAM-Zelle / Reserviert,Nicht belegter Kanal / Adresse 1618,Unassigned RAM Address / Reserved Channel 1618,,,,,
1619,Freie RAM-Zelle / Reserviert,Nicht belegter Kanal / Adresse 1619,Unassigned RAM Address / Reserved Channel 1619,,,,,
1620,Freie RAM-Zelle / Reserviert,Nicht belegter Kanal / Adresse 1620,Unassigned RAM Address / Reserved Channel 1620,,,,,
1621,Freie RAM-Zelle / Reserviert,Nicht belegter Kanal / Adresse 1621,Unassigned RAM Address / Reserved Channel 1621,,,,,
1622,Freie RAM-Zelle / Reserviert,Nicht belegter Kanal / Adresse 1622,Unassigned RAM Address / Reserved Channel 1622,,,,,
1623,Freie RAM-Zelle / Reserviert,Nicht belegter Kanal / Adresse 1623,Unassigned RAM Address / Reserved Channel 1623,,,,,
1624,Freie RAM-Zelle / Reserviert,Nicht belegter Kanal / Adresse 1624,Unassigned RAM Address / Reserved Channel 1624,,,,,
1625,Freie RAM-Zelle / Reserviert,Nicht belegter Kanal / Adresse 1625,Unassigned RAM Address / Reserved Channel 1625,,,,,
1626,Freie RAM-Zelle / Reserviert,Nicht belegter Kanal / Adresse 1626,Unassigned RAM Address / Reserved Channel 1626,,,,,
1627,Freie RAM-Zelle / Reserviert,Nicht belegter Kanal / Adresse 1627,Unassigned RAM Address / Reserved Channel 1627,,,,,
1628,Freie RAM-Zelle / Reserviert,Nicht belegter Kanal / Adresse 1628,Unassigned RAM Address / Reserved Channel 1628,,,,,
1629,Freie RAM-Zelle / Reserviert,Nicht belegter Kanal / Adresse 1629,Unassigned RAM Address / Reserved Channel 1629,,,,,
1630,Freie RAM-Zelle / Reserviert,Nicht belegter Kanal / Adresse 1630,Unassigned RAM Address / Reserved Channel 1630,,,,,
1631,Freie RAM-Zelle / Reserviert,Nicht belegter Kanal / Adresse 1631,Unassigned RAM Address / Reserved Channel 1631,,,,,
1632,Freie RAM-Zelle / Reserviert,Nicht belegter Kanal / Adresse 1632,Unassigned RAM Address / Reserved Channel 1632,,,,,
1633,Freie RAM-Zelle / Reserviert,Nicht belegter Kanal / Adresse 1633,Unassigned RAM Address / Reserved Channel 1633,,,,,
1634,Freie RAM-Zelle / Reserviert,Nicht belegter Kanal / Adresse 1634,Unassigned RAM Address / Reserved Channel 1634,,,,,
1635,Freie RAM-Zelle / Reserviert,Nicht belegter Kanal / Adresse 1635,Unassigned RAM Address / Reserved Channel 1635,,,,,
1636,Freie RAM-Zelle / Reserviert,Nicht belegter Kanal / Adresse 1636,Unassigned RAM Address / Reserved Channel 1636,,,,,
1637,Freie RAM-Zelle / Reserviert,Nicht belegter Kanal / Adresse 1637,Unassigned RAM Address / Reserved Channel 1637,,,,,
1638,Freie RAM-Zelle / Reserviert,Nicht belegter Kanal / Adresse 1638,Unassigned RAM Address / Reserved Channel 1638,,,,,
1639,Freie RAM-Zelle / Reserviert,Nicht belegter Kanal / Adresse 1639,Unassigned RAM Address / Reserved Channel 1639,,,,,
1640,Freie RAM-Zelle / Reserviert,Nicht belegter Kanal / Adresse 1640,Unassigned RAM Address / Reserved Channel 1640,,,,,
1641,Freie RAM-Zelle / Reserviert,Nicht belegter Kanal / Adresse 1641,Unassigned RAM Address / Reserved Channel 1641,,,,,
1642,Freie RAM-Zelle / Reserviert,Nicht belegter Kanal / Adresse 1642,Unassigned RAM Address / Reserved Channel 1642,,,,,
1643,Freie RAM-Zelle / Reserviert,Nicht belegter Kanal / Adresse 1643,Unassigned RAM Address / Reserved Channel 1643,,,,,
1644,Freie RAM-Zelle / Reserviert,Nicht belegter Kanal / Adresse 1644,Unassigned RAM Address / Reserved Channel 1644,,,,,
1645,Freie RAM-Zelle / Reserviert,Nicht belegter Kanal / Adresse 1645,Unassigned RAM Address / Reserved Channel 1645,,,,,
1646,Freie RAM-Zelle / Reserviert,Nicht belegter Kanal / Adresse 1646,Unassigned RAM Address / Reserved Channel 1646,,,,,
1647,Freie RAM-Zelle / Reserviert,Nicht belegter Kanal / Adresse 1647,Unassigned RAM Address / Reserved Channel 1647,,,,,
1648,Freie RAM-Zelle / Reserviert,Nicht belegter Kanal / Adresse 1648,Unassigned RAM Address / Reserved Channel 1648,,,,,
1649,Freie RAM-Zelle / Reserviert,Nicht belegter Kanal / Adresse 1649,Unassigned RAM Address / Reserved Channel 1649,,,,,
1650,Freie RAM-Zelle / Reserviert,Nicht belegter Kanal / Adresse 1650,Unassigned RAM Address / Reserved Channel 1650,,,,,
1651,Freie RAM-Zelle / Reserviert,Nicht belegter Kanal / Adresse 1651,Unassigned RAM Address / Reserved Channel 1651,,,,,
1652,Freie RAM-Zelle / Reserviert,Nicht belegter Kanal / Adresse 1652,Unassigned RAM Address / Reserved Channel 1652,,,,,
1653,Freie RAM-Zelle / Reserviert,Nicht belegter Kanal / Adresse 1653,Unassigned RAM Address / Reserved Channel 1653,,,,,
1654,Freie RAM-Zelle / Reserviert,Nicht belegter Kanal / Adresse 1654,Unassigned RAM Address / Reserved Channel 1654,,,,,
1655,Freie RAM-Zelle / Reserviert,Nicht belegter Kanal / Adresse 1655,Unassigned RAM Address / Reserved Channel 1655,,,,,
1656,Freie RAM-Zelle / Reserviert,Nicht belegter Kanal / Adresse 1656,Unassigned RAM Address / Reserved Channel 1656,,,,,
1657,Freie RAM-Zelle / Reserviert,Nicht belegter Kanal / Adresse 1657,Unassigned RAM Address / Reserved Channel 1657,,,,,
1658,Freie RAM-Zelle / Reserviert,Nicht belegter Kanal / Adresse 1658,Unassigned RAM Address / Reserved Channel 1658,,,,,
1659,Freie RAM-Zelle / Reserviert,Nicht belegter Kanal / Adresse 1659,Unassigned RAM Address / Reserved Channel 1659,,,,,
1660,Freie RAM-Zelle / Reserviert,Nicht belegter Kanal / Adresse 1660,Unassigned RAM Address / Reserved Channel 1660,,,,,
1661,Freie RAM-Zelle / Reserviert,Nicht belegter Kanal / Adresse 1661,Unassigned RAM Address / Reserved Channel 1661,,,,,
1662,Freie RAM-Zelle / Reserviert,Nicht belegter Kanal / Adresse 1662,Unassigned RAM Address / Reserved Channel 1662,,,,,
1663,Freie RAM-Zelle / Reserviert,Nicht belegter Kanal / Adresse 1663,Unassigned RAM Address / Reserved Channel 1663,,,,,
1664,Freie RAM-Zelle / Reserviert,Nicht belegter Kanal / Adresse 1664,Unassigned RAM Address / Reserved Channel 1664,,,,,
1665,Freie RAM-Zelle / Reserviert,Nicht belegter Kanal / Adresse 1665,Unassigned RAM Address / Reserved Channel 1665,,,,,
1666,Freie RAM-Zelle / Reserviert,Nicht belegter Kanal / Adresse 1666,Unassigned RAM Address / Reserved Channel 1666,,,,,
1667,Freie RAM-Zelle / Reserviert,Nicht belegter Kanal / Adresse 1667,Unassigned RAM Address / Reserved Channel 1667,,,,,
1668,Freie RAM-Zelle / Reserviert,Nicht belegter Kanal / Adresse 1668,Unassigned RAM Address / Reserved Channel 1668,,,,,
1669,Freie RAM-Zelle / Reserviert,Nicht belegter Kanal / Adresse 1669,Unassigned RAM Address / Reserved Channel 1669,,,,,
1670,Freie RAM-Zelle / Reserviert,Nicht belegter Kanal / Adresse 1670,Unassigned RAM Address / Reserved Channel 1670,,,,,
1671,Freie RAM-Zelle / Reserviert,Nicht belegter Kanal / Adresse 1671,Unassigned RAM Address / Reserved Channel 1671,,,,,
1672,Freie RAM-Zelle / Reserviert,Nicht belegter Kanal / Adresse 1672,Unassigned RAM Address / Reserved Channel 1672,,,,,
1673,Freie RAM-Zelle / Reserviert,Nicht belegter Kanal / Adresse 1673,Unassigned RAM Address / Reserved Channel 1673,,,,,
1674,Freie RAM-Zelle / Reserviert,Nicht belegter Kanal / Adresse 1674,Unassigned RAM Address / Reserved Channel 1674,,,,,
1675,Freie RAM-Zelle / Reserviert,Nicht belegter Kanal / Adresse 1675,Unassigned RAM Address / Reserved Channel 1675,,,,,
1676,Freie RAM-Zelle / Reserviert,Nicht belegter Kanal / Adresse 1676,Unassigned RAM Address / Reserved Channel 1676,,,,,
1677,Freie RAM-Zelle / Reserviert,Nicht belegter Kanal / Adresse 1677,Unassigned RAM Address / Reserved Channel 1677,,,,,
1678,Freie RAM-Zelle / Reserviert,Nicht belegter Kanal / Adresse 1678,Unassigned RAM Address / Reserved Channel 1678,,,,,
1679,Freie RAM-Zelle / Reserviert,Nicht belegter Kanal / Adresse 1679,Unassigned RAM Address / Reserved Channel 1679,,,,,
1680,Freie RAM-Zelle / Reserviert,Nicht belegter Kanal / Adresse 1680,Unassigned RAM Address / Reserved Channel 1680,,,,,
1681,Freie RAM-Zelle / Reserviert,Nicht belegter Kanal / Adresse 1681,Unassigned RAM Address / Reserved Channel 1681,,,,,
1682,Freie RAM-Zelle / Reserviert,Nicht belegter Kanal / Adresse 1682,Unassigned RAM Address / Reserved Channel 1682,,,,,
1683,Freie RAM-Zelle / Reserviert,Nicht belegter Kanal / Adresse 1683,Unassigned RAM Address / Reserved Channel 1683,,,,,
1684,Freie RAM-Zelle / Reserviert,Nicht belegter Kanal / Adresse 1684,Unassigned RAM Address / Reserved Channel 1684,,,,,
1685,Freie RAM-Zelle / Reserviert,Nicht belegter Kanal / Adresse 1685,Unassigned RAM Address / Reserved Channel 1685,,,,,
1686,Freie RAM-Zelle / Reserviert,Nicht belegter Kanal / Adresse 1686,Unassigned RAM Address / Reserved Channel 1686,,,,,
1687,Freie RAM-Zelle / Reserviert,Nicht belegter Kanal / Adresse 1687,Unassigned RAM Address / Reserved Channel 1687,,,,,
1688,Freie RAM-Zelle / Reserviert,Nicht belegter Kanal / Adresse 1688,Unassigned RAM Address / Reserved Channel 1688,,,,,
1689,Freie RAM-Zelle / Reserviert,Nicht belegter Kanal / Adresse 1689,Unassigned RAM Address / Reserved Channel 1689,,,,,
1690,Freie RAM-Zelle / Reserviert,Nicht belegter Kanal / Adresse 1690,Unassigned RAM Address / Reserved Channel 1690,,,,,
1691,Freie RAM-Zelle / Reserviert,Nicht belegter Kanal / Adresse 1691,Unassigned RAM Address / Reserved Channel 1691,,,,,
1692,Freie RAM-Zelle / Reserviert,Nicht belegter Kanal / Adresse 1692,Unassigned RAM Address / Reserved Channel 1692,,,,,
1693,Freie RAM-Zelle / Reserviert,Nicht belegter Kanal / Adresse 1693,Unassigned RAM Address / Reserved Channel 1693,,,,,
1694,Freie RAM-Zelle / Reserviert,Nicht belegter Kanal / Adresse 1694,Unassigned RAM Address / Reserved Channel 1694,,,,,
1695,Freie RAM-Zelle / Reserviert,Nicht belegter Kanal / Adresse 1695,Unassigned RAM Address / Reserved Channel 1695,,,,,
1696,Freie RAM-Zelle / Reserviert,Nicht belegter Kanal / Adresse 1696,Unassigned RAM Address / Reserved Channel 1696,,,,,
1697,Freie RAM-Zelle / Reserviert,Nicht belegter Kanal / Adresse 1697,Unassigned RAM Address / Reserved Channel 1697,,,,,
1698,Freie RAM-Zelle / Reserviert,Nicht belegter Kanal / Adresse 1698,Unassigned RAM Address / Reserved Channel 1698,,,,,
1699,Freie RAM-Zelle / Reserviert,Nicht belegter Kanal / Adresse 1699,Unassigned RAM Address / Reserved Channel 1699,,,,,
1700,Freie RAM-Zelle / Reserviert,Nicht belegter Kanal / Adresse 1700,Unassigned RAM Address / Reserved Channel 1700,,,,,
